scenario,budget,method,target,proxy_target,bias,bias_mcse,rmse,empirical_variance,exact_design_variance,mean_estimated_variance,correct_selection,selection_mcse,mean_audits,audit_sd,audit_p05,audit_p95,zero_variance_fraction,wald_coverage,wald_coverage_mcse,wald_width,wald_decisive_rate,wald_wrong_decisive_rate,bernstein_coverage,bernstein_coverage_mcse,bernstein_width,bernstein_decisive_rate,bernstein_wrong_decisive_rate
aligned,40,uniform,0.006500000000000105,0.010499999999980717,0.0009024999999806159,0.0017722433072493435,0.0560224954817256,0.0031408463400900903,0.00302383125,0.00302307105375,0.556,0.015711906313366306,40.25,6.202416462151664,30.0,51.0,0.0,0.95,0.006892024376045114,0.20532295991028915,0.059,0.008,1.0,0.0,1.8741867588350194,0.0,0.0
aligned,40,historical_active,0.006500000000000105,0.010499999999980717,0.0007578429935945607,0.0012075941947567567,0.03817590577149349,0.0014582837392102196,0.0014402971792961774,0.0014604867823411177,0.566,0.015673034167001616,39.929,6.234968631343212,30.0,50.0,0.0,0.957,0.006414904519944161,0.12852102258227185,0.045,0.015,1.0,0.0,2.0,0.0,0.0
aligned,40,fixed_mixture,0.006500000000000105,0.010499999999980717,0.0005757072959445553,0.00131930699018933,0.04170325889326481,0.0017405709343624289,0.0016621614973117331,0.0016675954298255354,0.558,0.01570464899321217,40.161,6.222362637840774,30.0,51.0,0.0,0.957,0.006414904519944161,0.14855183523696766,0.041,0.01,1.0,0.0,1.9934380154836213,0.0,0.0
aligned,40,robust_path,0.006500000000000105,0.010499999999980717,0.0007596993244200151,0.0015898965381745402,0.0502575404706678,0.002527771002099387,0.0023759413123822107,0.002395903740452164,0.578,0.015617810345883958,40.303,6.183156347887576,30.0,51.0,0.0,0.953,0.00669260786241059,0.1830982547092291,0.048,0.012,1.0,0.0,1.911457579280214,0.0,0.0
aligned,40,oracle_residual,0.006500000000000105,0.010499999999980717,0.0006951579999806131,0.0006050870789133457,0.019137593561881144,0.0003661303730678854,0.0003496209806250002,0.00034770919373062527,0.657,0.015011695440555674,39.78,6.0164605706177285,30.0,49.0,0.0,0.944,0.007270763371201131,0.07288142624441668,0.067,0.009,1.0,0.0,2.0,0.0,0.0
aligned,100,uniform,0.006500000000000105,0.010499999999980717,0.0014123999999806104,0.0010645003650855492,0.03367525411930763,0.0011331610272672674,0.00119120625,0.0011972407199999997,0.597,0.01551099609954177,99.76,10.296427361780221,84.0,117.0,0.0,0.958,0.006343185319695463,0.13323954356716114,0.049,0.012,1.0,0.0,1.1264023769834335,0.0,0.0
aligned,100,historical_active,0.006500000000000105,0.010499999999980717,0.0004928958296433611,0.0007527829180702216,0.023798285356627258,0.0005666821217383179,0.0005577926217184706,0.0005555519408930108,0.629,0.015276092432294327,100.054,9.863689795222495,85.0,116.04999999999995,0.0,0.951,0.006826346021115546,0.08426992698271235,0.055,0.021,1.0,0.0,1.4319461897436614,0.0,0.0
aligned,100,fixed_mixture,0.006500000000000105,0.010499999999980717,6.0737327566830375e-05,0.0008146978364728867,0.025750194585901845,0.0006637325647536023,0.0006465383489246931,0.000644986217453652,0.609,0.015431104950715617,99.885,10.186242414871861,84.0,116.0,0.0,0.948,0.007021111023192843,0.09567672262223602,0.043,0.017,1.0,0.0,1.2409866889164365,0.0,0.0
aligned,100,robust_path,0.006500000000000105,0.010499999999980717,0.0007894538534116606,0.0009383232268670804,0.02966805125023952,0.0008804504780782503,0.0009320502749596472,0.0009374051396114422,0.609,0.015431104950715617,99.83,10.243438291317425,84.0,117.0,0.0,0.964,0.005891010100144119,0.11769327632556488,0.04,0.012,1.0,0.0,1.1492681006994088,0.0,0.0
aligned,100,oracle_residual,0.006500000000000105,0.010499999999980717,0.0001723023999806129,0.00034623641185702134,0.010944837201154176,0.00011987965289562492,0.00012152214225000005,0.00012111394131637507,0.722,0.01416742743055351,99.75,9.043078971084864,85.0,116.0,0.0,0.955,0.00655553201502365,0.043092651111352125,0.092,0.01,1.0,0.0,2.0,0.0,0.0
aligned,250,uniform,0.006500000000000105,0.010499999999980717,0.001024839999980611,0.0006787667122244755,0.021478217393442134,0.000460724249624024,0.00045815624999999996,0.0004617979725,0.632,0.015250442616527561,249.703,15.53287034198963,225.0,276.0,0.0,0.951,0.006826346021115546,0.08371107584312282,0.065,0.014,1.0,0.0,0.6770148815416318,0.0,0.0
aligned,250,historical_active,0.006500000000000105,0.010499999999980717,0.00031963778711967435,0.00046704041008059345,0.014765188323165925,0.00021812674464824887,0.0002047907986873882,0.0002096310028749034,0.679,0.0147634345597493,250.209,15.348579670376601,226.0,275.0,0.0,0.952,0.006759881655768837,0.0541279331259217,0.053,0.007,1.0,0.0,0.8547198363243868,0.0,0.0
aligned,250,fixed_mixture,0.006500000000000105,0.010499999999980717,0.0006446532842804692,0.0005133234182931641,0.016237395378980713,0.0002635009317681788,0.0002402890895698772,0.00024398257252344964,0.67,0.014869431730903503,249.824,15.645824229353206,225.95,277.04999999999995,0.0,0.952,0.006759881655768837,0.060135661693169355,0.08,0.012,1.0,0.0,0.7440712769698444,0.0,0.0
aligned,250,robust_path,0.006500000000000105,0.010499999999980717,0.0006051154121309308,0.0005916793226213505,0.01871097274485859,0.00035008442081766025,0.0003544938599815082,0.0003572631468400639,0.643,0.015150940564862632,249.758,15.623941357530228,225.0,277.0,0.0,0.956,0.006485676526007139,0.07354698126081627,0.07,0.014,1.0,0.0,0.6903278357941482,0.0,0.0
aligned,250,oracle_residual,0.006500000000000105,0.010499999999980717,-0.00025352777656806325,0.00017012595379404236,0.005383137899744892,2.8942840154332635e-05,3.0282799751106227e-05,3.0397400617842696e-05,0.881,0.010239091756596383,250.623,11.257690998006945,233.0,269.0,0.0,0.958,0.006343185319695463,0.02160287367184177,0.208,0.001,1.0,0.0,2.0,0.0,0.0
aligned,600,uniform,0.006500000000000105,0.010499999999980717,-0.0004167833333527252,0.0004137131856434516,0.013082857093243755,0.00017115859997525305,0.00017308125000000004,0.00017468931943055555,0.677,0.014787528529135624,600.509,22.540407915319303,563.0,638.05,0.0,0.959,0.006270486424512857,0.05168834782668364,0.08,0.004,1.0,0.0,0.4083671500742438,0.0,0.0
aligned,600,historical_active,0.006500000000000105,0.010499999999980717,4.0373738849405934e-05,0.0002578035320793373,0.008148486272321875,6.646266115258192e-05,6.751231195307844e-05,6.713999864294808e-05,0.781,0.013078187947877183,599.507,20.29561191151582,566.0,634.0,0.0,0.955,0.00655553201502365,0.031191076653289265,0.14,0.001,1.0,0.0,0.5198590127012459,0.0,0.0
aligned,600,fixed_mixture,0.006500000000000105,0.010499999999980717,-5.169760448491944e-05,0.0002931935156978091,0.009267100293614161,8.596243764724142e-05,8.23032664874489e-05,8.310630988204052e-05,0.738,0.013905250806799567,600.303,21.793350847016185,565.0,638.0,0.0,0.942,0.007391616873188169,0.03541851618873276,0.113,0.003,1.0,0.0,0.45078475878859336,0.0,0.0
aligned,600,robust_path,0.006500000000000105,0.010499999999980717,-0.00012643697080228292,0.0003614036470152804,0.011423570798461184,0.00013061259607594536,0.00012988858749425102,0.00013089711594624253,0.7,0.014491376746189439,600.512,22.36049748659112,566.0,637.0,0.0,0.953,0.00669260786241059,0.044713952111566764,0.078,0.002,1.0,0.0,0.4167750644926457,0.0,0.0
aligned,600,oracle_residual,0.006500000000000105,0.010499999999980717,-2.23209943375699e-05,3.2194939372202465e-05,0.0010178289806479428,1.0365141211797923e-06,9.64065376420457e-07,9.62715285175623e-07,1.0,0.0,599.76,13.259721724840995,577.0,622.0,0.0,0.939,0.007568289106528638,0.0038434156871732716,1.0,0.0,1.0,0.0,0.828871353256373,0.0,0.0
silent_mild,40,uniform,-0.014999999999999902,0.010499999999980717,0.0005524999999806188,0.0020653723651576144,0.06528248233638162,0.004265763006756757,0.0040774387500000005,0.00409383030375,0.576,0.015627667772255716,40.25,6.202416462151664,30.0,51.0,0.0,0.924,0.008379976133617564,0.23901581504713157,0.05,0.028,1.0,0.0,1.8691816544999722,0.0,0.0
silent_mild,40,historical_active,-0.014999999999999902,0.010499999999980717,-0.000862816664272098,0.0018688610037203867,0.05907531855497429,0.003492641451226771,0.0033297444121830194,0.003492359638763193,0.576,0.015627667772255716,39.929,6.234968631343212,30.0,50.0,0.0,0.911,0.009004387819280108,0.18973367929241897,0.036,0.025,1.0,0.0,1.9998585972284493,0.0,0.0
silent_mild,40,fixed_mixture,-0.014999999999999902,0.010499999999980717,-0.0009355625169819477,0.001779475237734803,0.05625158546043662,0.0031665321217113334,0.0030158501337132393,0.0031164370323803086,0.604,0.01546557467409472,40.161,6.222362637840774,30.0,51.0,0.0,0.932,0.00796090447122687,0.19763111466477146,0.032,0.022,1.0,0.0,1.9851183016594929,0.0,0.0
silent_mild,40,robust_path,-0.014999999999999902,0.010499999999980717,0.0003239798110714655,0.0019098331618147375,0.060364892165722384,0.0036474627059672766,0.003493080913448935,0.0035356833193476876,0.568,0.01566448211719749,40.303,6.183156347887576,30.0,51.0,0.0,0.934,0.007851369307324675,0.22070326730414988,0.046,0.027,1.0,0.0,1.904849849978042,0.0,0.0
silent_mild,40,oracle_residual,-0.014999999999999902,0.010499999999980717,0.0009866849999806224,0.0007109678383393497,0.022493184282687984,0.0005054752671529277,0.00048154275000000004,0.0004797109518749999,0.76,0.013505554412907307,39.843,6.178391661551048,30.0,50.0,0.0,0.944,0.007270763371201131,0.08559384934989371,0.11,0.006,1.0,0.0,2.0,0.0,0.0
silent_mild,100,uniform,-0.014999999999999902,0.010499999999980717,0.0014123999999806156,0.0012548600479655014,0.039687453181074056,0.0015746737399799802,0.00160626375,0.0016122982199999998,0.629,0.015276092432294327,99.76,10.296427361780221,84.0,117.0,0.0,0.956,0.006485676526007139,0.154666765928543,0.045,0.012,1.0,0.0,1.1264023769834335,0.0,0.0
silent_mild,100,historical_active,-0.014999999999999902,0.010499999999980717,0.001353913154358538,0.0010978280166345491,0.03472541156823321,0.001205226354107748,0.0013071860148732065,0.0012749341389531746,0.613,0.015402305022301045,100.054,9.863689795222495,85.0,116.04999999999995,0.0,0.901,0.009444522221901962,0.1262308580148022,0.036,0.019,1.0,0.0,1.4319461897436614,0.0,0.0
silent_mild,100,fixed_mixture,-0.014999999999999902,0.010499999999980717,0.00010064503406322957,0.0010871541755616135,0.03436178730308556,0.0011819042014410517,0.0011816283034852954,0.0011790829528116604,0.664,0.014936666294725875,99.885,10.186242414871861,84.0,116.0,0.0,0.938,0.00762600813007697,0.12833599950109653,0.044,0.011,1.0,0.0,1.2409866889164365,0.0,0.0
silent_mild,100,robust_path,-0.014999999999999902,0.010499999999980717,0.0009047765694304207,0.001153616290586399,0.03647352925069094,0.0013308305459063233,0.0013725206153853563,0.0013755128644100075,0.66,0.014979986648859203,99.83,10.243438291317425,84.0,117.0,0.0,0.944,0.007270763371201131,0.14211610939660216,0.049,0.01,1.0,0.0,1.1492681006994088,0.0,0.0
silent_mild,100,oracle_residual,-0.014999999999999902,0.010499999999980717,0.000251393999980613,0.0004079413546793481,0.012896237112118802,0.0001664161488576217,0.00016790535000000005,0.0001674222266760001,0.868,0.010704017937204702,99.781,8.929993492930652,86.0,115.0,0.0,0.956,0.006485676526007139,0.050666696473806054,0.199,0.0,1.0,0.0,2.0,0.0,0.0
silent_mild,250,uniform,-0.014999999999999902,0.010499999999980717,0.0010048399999806196,0.0007967176903097184,0.02520186545476269,0.0006347590780524523,0.00061779375,0.0006215839725000001,0.701,0.014477534320456644,249.703,15.53287034198963,225.0,276.0,0.0,0.956,0.006485676526007139,0.09709660401558315,0.084,0.005,1.0,0.0,0.6770148815416318,0.0,0.0
silent_mild,250,historical_active,-0.014999999999999902,0.010499999999980717,-0.00014766695653987798,0.000707212838765852,0.022353336548399067,0.0005001499993152551,0.0004981626559492825,0.0005093793280695747,0.737,0.013922320208930694,250.209,15.348579670376601,226.0,275.0,0.0,0.902,0.009401914698613255,0.08491294611262927,0.048,0.007,1.0,0.0,0.8547198363243868,0.0,0.0
silent_mild,250,fixed_mixture,-0.014999999999999902,0.010499999999980717,0.00056662022070505,0.0006882993009248916,0.02176242702918387,0.00047375592765369455,0.00044793957139411806,0.000452386710312791,0.734,0.013972973913952606,249.824,15.645824229353206,225.95,277.04999999999995,0.0,0.938,0.00762600813007697,0.08182964542985402,0.081,0.009,1.0,0.0,0.7440712769698444,0.0,0.0
silent_mild,250,robust_path,-0.014999999999999902,0.010499999999980717,0.0006653339051772445,0.000723168571345555,0.02286684234879769,0.000522972782581971,0.0005242964961521327,0.0005265901895750846,0.74,0.013870832707519763,249.758,15.623941357530228,225.0,277.0,0.0,0.942,0.007391616873188169,0.0891965154085327,0.078,0.003,1.0,0.0,0.6903278357941482,0.0,0.0
silent_mild,250,oracle_residual,-0.014999999999999902,0.010499999999980717,-0.00018790080001939054,0.00019752582795449432,0.006246018168965513,3.901645270910848e-05,4.245039000000002e-05,4.260228330216002e-05,0.994,0.002442130217658347,250.536,11.263817185021141,232.0,269.0,0.0,0.96,0.00619677335393187,0.025574486125103477,0.641,0.0,1.0,0.0,2.0,0.0,0.0
silent_mild,600,uniform,-0.014999999999999902,0.010499999999980717,-0.000500116666686052,0.0004845821253528542,0.015324331406478228,0.00023481983621148928,0.00023338875000000005,0.00023523056943055553,0.841,0.011563693181678596,600.509,22.540407915319303,563.0,638.05,0.0,0.95,0.006892024376045114,0.05998172627192547,0.157,0.002,1.0,0.0,0.4083671500742438,0.0,0.0
silent_mild,600,historical_active,-0.014999999999999902,0.010499999999980717,-0.00027100789463355146,0.0004295944651302022,0.013580879881104452,0.00018455140447050448,0.00018354246081220125,0.00018485059667811847,0.875,0.010458250331675944,599.507,20.29561191151582,566.0,634.0,0.0,0.932,0.00796090447122687,0.05242902683650829,0.165,0.003,1.0,0.0,0.5198590127012459,0.0,0.0
silent_mild,600,fixed_mixture,-0.014999999999999902,0.010499999999980717,-0.0001314399545831301,0.0004138480835608483,0.01308114071831584,0.00017127023626698688,0.00016261617558088265,0.00016371709525986195,0.87,0.010634848376916336,600.303,21.793350847016185,565.0,638.0,0.0,0.945,0.007209368904418752,0.04978911022481593,0.218,0.0,1.0,0.0,0.45078475878859336,0.0,0.0
silent_mild,600,robust_path,-0.014999999999999902,0.010499999999980717,-0.0002901676913853717,0.0004436838822040911,0.014026500961732758,0.00019685538732769375,0.00019443156089839436,0.00019593160877103872,0.863,0.010873407929439602,600.512,22.36049748659112,566.0,637.0,0.0,0.949,0.006956938982052382,0.05469737460456148,0.186,0.001,1.0,0.0,0.4167750644926457,0.0,0.0
silent_mild,600,oracle_residual,-0.014999999999999902,0.010499999999980717,-4.495007520735096e-05,3.6365354318859376e-05,0.0011502769514349985,1.322438994736184e-06,1.2724882518797023e-06,1.2700871632822698e-06,1.0,0.0,599.756,11.633219494009206,580.95,619.05,0.0,0.943,0.007331507348424336,0.004413429924948588,1.0,0.0,1.0,0.0,0.9597174394913953,0.0,0.0
silent_strong,40,uniform,-0.10399999999999998,0.010499999999980717,0.0003024999999806932,0.0030125041369141597,0.09521658206426016,0.009075181174924925,0.008438883749999999,0.00846752655375,0.869,0.010669536072388528,40.25,6.202416462151664,30.0,51.0,0.0,0.914,0.008865889690267975,0.3492576803983466,0.15,0.004,1.0,0.0,1.8192709175117503,0.0,0.0
silent_strong,40,historical_active,-0.10399999999999998,0.010499999999980717,0.0002965304270762248,0.003484788824499525,0.11014398453161028,0.012143753151356781,0.011151177143668084,0.011211907479378337,0.83,0.0118785521003193,39.929,6.234968631343212,30.0,50.0,0.0,0.712,0.014319776534569246,0.36824120945237454,0.052,0.013,1.0,0.0,1.9876534290638297,0.0,0.0
silent_strong,40,fixed_mixture,-0.10399999999999998,0.010499999999980717,0.001211316044256519,0.0030054389582057344,0.09500051554980289,0.00903266333150077,0.008619491465793895,0.008584906033666432,0.879,0.010313049985334114,40.161,6.222362637840774,30.0,51.0,0.0,0.835,0.011737759581794136,0.34011315758516697,0.097,0.006,1.0,0.0,1.9279052613591616,0.0,0.0
silent_strong,40,robust_path,-0.10399999999999998,0.010499999999980717,0.0006803596520567334,0.0029221922528478135,0.09236412314474339,0.00853920756260378,0.008117519262050725,0.008141604178024526,0.873,0.010529529904036551,40.303,6.183156347887576,30.0,51.0,0.0,0.907,0.009184280047995052,0.3405460480180066,0.137,0.003,1.0,0.0,1.8467914647787307,0.0,0.0
silent_strong,40,oracle_residual,-0.10399999999999998,0.010499999999980717,0.0017938363849452355,0.0011022276437806363,0.034884218808960775,0.0012149057787142134,0.001269143497794155,0.0012631187046723631,0.999,0.0009994998749374613,39.814,6.298497842745926,30.0,51.0,0.0,0.949,0.006956938982052382,0.13887602617091438,0.843,0.0,1.0,0.0,2.0,0.0,0.0
silent_strong,100,uniform,-0.10399999999999998,0.010499999999980717,0.0026723999999806874,0.0018232398695349613,0.05768900363154053,0.0033242036218618623,0.0033244087499999992,0.00330611892,0.966,0.005730968504537434,99.76,10.296427361780221,84.0,117.0,0.0,0.939,0.007568289106528638,0.2225137910813487,0.393,0.0,1.0,0.0,1.1264023769834335,0.0,0.0
silent_strong,100,historical_active,-0.10399999999999998,0.010499999999980717,0.002013354090942235,0.0020967221419259546,0.06630159192204689,0.0043962437404425625,0.00440932610746723,0.0043540890835913155,0.952,0.006759881655768837,100.054,9.863689795222495,85.0,116.04999999999995,0.0,0.889,0.00993373041711924,0.24809466041064232,0.247,0.003,1.0,0.0,1.4317379238498305,0.0,0.0
silent_strong,100,fixed_mixture,-0.10399999999999998,0.010499999999980717,0.0012091320327128063,0.0018343138419193794,0.05798969359859482,0.0033647072706570334,0.003396651836317557,0.0033665185666793456,0.972,0.005216895628628201,99.885,10.186242414871861,84.0,116.0,0.0,0.916,0.008771772910877251,0.22209657879648675,0.394,0.0,1.0,0.0,1.2409866889164365,0.0,0.0
silent_strong,100,robust_path,-0.10399999999999998,0.010499999999980717,0.00184398953777333,0.0017644615046021016,0.05579974349615692,0.003113324401222712,0.0031958629548220134,0.00317961355473512,0.978,0.004638534251247911,99.83,10.243438291317425,84.0,117.0,0.0,0.934,0.007851369307324675,0.21767498140988636,0.421,0.0,1.0,0.0,1.1492681006994088,0.0,0.0
silent_strong,100,oracle_residual,-0.10399999999999998,0.010499999999980717,0.0010607559544867085,0.0006827786203173181,0.021606611509281993,0.00046618664436242046,0.00045651264911766203,0.0004556907383992241,1.0,0.0,99.832,8.978551686680339,85.0,115.0,0.0,0.944,0.007270763371201131,0.08359210475532775,0.999,0.0,1.0,0.0,2.0,0.0,0.0
silent_strong,250,uniform,-0.10399999999999998,0.010499999999980717,0.0015968399999806981,0.001113437896051128,0.03522859779213386,0.0012397439483627626,0.0012786187499999999,0.0012780133725000002,0.999,0.0009994998749374613,249.703,15.53287034198963,225.0,276.0,0.0,0.957,0.006414904519944161,0.13952210163168946,0.86,0.0,1.0,0.0,0.6770148815416318,0.0,0.0
silent_strong,250,historical_active,-0.10399999999999998,0.010499999999980717,0.0018972281803916746,0.0012731237550422745,0.040284273933208235,0.001620844095652941,0.0017125856929868922,0.0016958993565384683,0.998,0.0014127986409959495,250.209,15.348579670376601,226.0,275.0,0.0,0.929,0.008121514637061239,0.1592810603937766,0.767,0.0,1.0,0.0,0.8547198363243868,0.0,0.0
silent_strong,250,fixed_mixture,-0.10399999999999998,0.010499999999980717,0.001634084342807915,0.0011437609243784145,0.03618772022001717,0.001308189052134965,0.0013075159845270226,0.001301653382083615,0.999,0.0009994998749374613,249.824,15.645824229353206,225.95,277.04999999999995,0.0,0.942,0.007391616873188169,0.140250045859034,0.866,0.0,1.0,0.0,0.7440712769698443,0.0,0.0
silent_strong,250,robust_path,-0.10399999999999998,0.010499999999980717,0.0015494426504217979,0.0010886922233114273,0.034445119812081156,0.0011852507570987785,0.0012272004319282058,0.0012225116139277156,1.0,0.0,249.758,15.623941357530228,225.0,277.0,0.0,0.943,0.007331507348424336,0.13634473464512376,0.88,0.0,1.0,0.0,0.6903278357941482,0.0,0.0
silent_strong,250,oracle_residual,-0.10399999999999998,0.010499999999980717,7.054851836696407e-05,0.00034745504049596486,0.010982224604074088,0.00012072500516605256,0.0001314603096470649,0.00013189543956567697,1.0,0.0,250.563,12.302901787480563,231.0,271.0,0.0,0.959,0.006270486424512857,0.045002429830236515,1.0,0.0,1.0,0.0,2.0,0.0,0.0
silent_strong,600,uniform,-0.10399999999999998,0.010499999999980717,-0.0005034500000193204,0.0007048689951631344,0.022284454714990538,0.0004968403003422868,0.0004830337500000001,0.00048488491943055555,1.0,0.0,600.509,22.540407915319303,563.0,638.05,0.0,0.948,0.007021111023192843,0.0861687482090345,0.998,0.0,1.0,0.0,0.4083671500742438,0.0,0.0
silent_strong,600,historical_active,-0.10399999999999998,0.010499999999980717,0.000203943865786968,0.0008237530171033208,0.026037128437176583,0.000678569033186824,0.0006638533095778721,0.0006625982490036737,1.0,0.0,599.507,20.29561191151582,566.0,634.0,0.0,0.941,0.007451107300260817,0.10036041047303451,0.997,0.0,1.0,0.0,0.5198590127012459,0.0,0.0
silent_strong,600,fixed_mixture,-0.10399999999999998,0.010499999999980717,-6.134451852246592e-05,0.0007197913065275846,0.022750498644594306,0.0005180995249526873,0.0004950742643862595,0.000495913343675276,1.0,0.0,600.303,21.793350847016185,565.0,638.0,0.0,0.945,0.007209368904418752,0.08700334481367701,0.999,0.0,1.0,0.0,0.45078475878859336,0.0,0.0
silent_strong,600,robust_path,-0.10399999999999998,0.010499999999980717,-0.00033294023409827234,0.000695985883633263,0.022000518245396828,0.000484396350216774,0.000461609450803918,0.0004632379017968764,1.0,0.0,600.512,22.36049748659112,566.0,637.0,0.0,0.953,0.00669260786241059,0.0841883591931984,0.999,0.0,1.0,0.0,0.4167750644926457,0.0,0.0
silent_strong,600,oracle_residual,-0.10399999999999998,0.010499999999980717,-9.966961973760513e-05,0.00010252213684745632,0.0032419456794220702,1.051078854376856e-05,9.978271056338036e-06,1.0008794730729327e-05,1.0,0.0,600.451,9.998978876794299,585.0,617.0,0.0,0.938,0.00762600813007697,0.012394590452478751,1.0,0.0,1.0,0.0,1.7921617967315462,0.0,0.0
silent_uncertain_group,40,uniform,-0.005499999999999896,0.010499999999980717,0.0011524999999806143,0.0017418771138141835,0.055067504029145495,0.0030341358796296303,0.00297631125,0.00297654105375,0.528,0.015786576576319513,40.25,6.202416462151664,30.0,51.0,0.0,0.939,0.007568289106528638,0.20369043807553483,0.048,0.035,1.0,0.0,1.8749554337425702,0.0,0.0
silent_uncertain_group,40,historical_active,-0.005499999999999896,0.010499999999980717,0.0014130248075810928,0.0011943098492528947,0.03777494247663773,0.001426376016022472,0.0014286490885850717,0.0014494746597301439,0.583,0.015592017188292218,39.929,6.234968631343212,30.0,50.0,0.0,0.961,0.006122009474020767,0.12771598887153926,0.05,0.013,1.0,0.0,2.0,0.0,0.0
silent_uncertain_group,40,fixed_mixture,-0.005499999999999896,0.010499999999980717,0.0007356685333231904,0.001296735035469246,0.040992455874857454,0.001681521752213427,0.0016432778904767818,0.0016489635434168747,0.568,0.01566448211719749,40.161,6.222362637840774,30.0,51.0,0.0,0.95,0.006892024376045114,0.14750308623034364,0.048,0.016,1.0,0.0,1.9938809452338773,0.0,0.0
silent_uncertain_group,40,robust_path,-0.005499999999999896,0.010499999999980717,0.0014453069874282853,0.0015685390372591798,0.049597815566640197,0.002460314711405954,0.002341607797499159,0.002363531835644265,0.52,0.0157987341265052,40.303,6.183156347887576,30.0,51.0,0.0,0.957,0.006414904519944161,0.1817682371416882,0.042,0.021,1.0,0.0,1.91200156885253,0.0,0.0
silent_uncertain_group,40,oracle_residual,-0.005499999999999896,0.010499999999980717,0.0007086838749806113,0.0005918938256645756,0.018721383372861222,0.00035033830085984697,0.0003442049006250002,0.0003423329292247034,0.599,0.015498354751392161,39.781,6.015249140494699,30.0,49.0,0.0,0.945,0.007209368904418752,0.07231581628129874,0.072,0.021,1.0,0.0,2.0,0.0,0.0
silent_uncertain_group,100,uniform,-0.005499999999999896,0.010499999999980717,0.0008123999999806114,0.0010468812284813148,0.03309870601700267,0.0010959603065465466,0.00117248625,0.00117758472,0.56,0.015697133496278867,99.76,10.296427361780221,84.0,117.0,0.0,0.961,0.006122009474020767,0.13210450527218254,0.045,0.016,1.0,0.0,1.1264023769834335,0.0,0.0
silent_uncertain_group,100,historical_active,-0.005499999999999896,0.010499999999980717,0.0004759792833894565,0.0007470006551335355,0.02361521808218965,0.0005580099787699311,0.0005534213854340283,0.0005511745424235024,0.617,0.015372410351015223,100.054,9.863689795222495,85.0,116.04999999999995,0.0,0.957,0.006414904519944161,0.08380421848555904,0.075,0.004,1.0,0.0,1.4319461897436614,0.0,0.0
silent_uncertain_group,100,fixed_mixture,-0.005499999999999896,0.010499999999980717,-0.00025935752117103687,0.0007992420924739488,0.025262945211980765,0.0006387879223821361,0.0006392729061907125,0.0006375269721535923,0.612,0.015409607392792329,99.885,10.186242414871861,84.0,116.0,0.0,0.952,0.006759881655768837,0.09503599026799857,0.061,0.008,1.0,0.0,1.2409866889164365,0.0,0.0
silent_uncertain_group,100,robust_path,-0.005499999999999896,0.010499999999980717,0.00045966733220762206,0.0009174807015236519,0.029002419914327202,0.0008417708376683324,0.0009186048690062872,0.0009235902241867877,0.561,0.015693278816104682,99.83,10.243438291317425,84.0,117.0,0.0,0.961,0.006122009474020767,0.11677378676509931,0.043,0.008,1.0,0.0,1.1492681006994088,0.0,0.0
silent_uncertain_group,100,oracle_residual,-0.005499999999999896,0.010499999999980717,0.0002700411999806149,0.0003382395121418054,0.01069413315122079,0.0001144059675739265,0.00011964371025000001,0.00011922476585103004,0.69,0.014625320509308506,99.732,8.997840693029476,85.0,115.04999999999995,0.0,0.948,0.007021111023192843,0.0427555887048874,0.068,0.004,1.0,0.0,2.0,0.0,0.0
silent_uncertain_group,250,uniform,-0.005499999999999896,0.010499999999980717,0.0017128399999806112,0.0006755981900870137,0.021422191820631556,0.0004564329144488488,0.00045095624999999995,0.0004550107725,0.562,0.01568935945155187,249.703,15.53287034198963,225.0,276.0,0.0,0.94,0.007509993342207438,0.08308944263926643,0.055,0.012,1.0,0.0,0.6770148815416318,0.0,0.0
silent_uncertain_group,250,historical_active,-0.005499999999999896,0.010499999999980717,0.0003391055129990869,0.00046630940457804504,0.014742523830270015,0.00021744446079793083,0.00020333030417361129,0.0002081728777366967,0.641,0.01516967369457893,250.209,15.348579670376601,226.0,275.0,0.0,0.949,0.006956938982052382,0.053898823974717486,0.092,0.004,1.0,0.0,0.8547198363243868,0.0,0.0
silent_uncertain_group,250,fixed_mixture,-0.005499999999999896,0.010499999999980717,0.0009587165593872623,0.0005101009132166957,0.016151219030280217,0.00026020294166450696,0.00023767091247628498,0.00024143291820259263,0.61,0.01542400726140908,249.824,15.645824229353206,225.95,277.04999999999995,0.0,0.948,0.007021111023192843,0.05979692832695023,0.077,0.006,1.0,0.0,0.7440712769698444,0.0,0.0
silent_uncertain_group,250,robust_path,-0.005499999999999896,0.010499999999980717,0.0011456667631114682,0.00058814995497734,0.018624902724642768,0.00034592036953984707,0.0003494036976002127,0.000352402275638095,0.596,0.015517216245190372,249.758,15.623941357530228,225.0,277.0,0.0,0.94,0.007509993342207438,0.07303542053015953,0.059,0.016,1.0,0.0,0.6903278357941482,0.0,0.0
silent_uncertain_group,250,oracle_residual,-0.005499999999999896,0.010499999999980717,-0.00020935875001940746,0.00016951188812093767,0.005361844553912454,2.8734280214325288e-05,2.9820321875000024e-05,2.9926451473437527e-05,0.87,0.010634848376916336,250.577,11.241282730962576,233.0,269.0,0.0,0.959,0.006270486424512857,0.021434910134954556,0.178,0.002,1.0,0.0,2.0,0.0,0.0
silent_uncertain_group,600,uniform,-0.005499999999999896,0.010499999999980717,-0.0005101166666860585,0.00041053298857702993,0.012985723560468577,0.0001685373347099878,0.00017036125000000004,0.000171948163875,0.679,0.0147634345597493,600.509,22.540407915319303,563.0,638.05,0.0,0.954,0.006624499981130654,0.051280386747455595,0.073,0.006,1.0,0.0,0.4083671500742438,0.0,0.0
silent_uncertain_group,600,historical_active,-0.005499999999999896,0.010499999999980717,-1.781200496312526e-05,0.0002585402488044371,0.00817169104036179,6.684306025186023e-05,6.718377257233806e-05,6.680986623652102e-05,0.754,0.013619251080731275,599.507,20.29561191151582,566.0,634.0,0.0,0.954,0.006624499981130654,0.031103532155427598,0.15,0.001,1.0,0.0,0.5198590127012459,0.0,0.0
silent_uncertain_group,600,fixed_mixture,-0.005499999999999896,0.010499999999980717,-0.000151262486491395,0.0002925378257871849,0.009247468922715912,8.557837951629334e-05,8.149235936511881e-05,8.228867460371433e-05,0.737,0.013922320208930694,600.303,21.793350847016185,565.0,638.0,0.0,0.942,0.007391616873188169,0.03523762233781637,0.113,0.002,1.0,0.0,0.45078475878859336,0.0,0.0
silent_uncertain_group,600,robust_path,-0.005499999999999896,0.010499999999980717,-0.0003039143644969584,0.00035951381878608586,0.011367202806900387,0.0001292501858981546,0.00012804768650200425,0.00012902898842814963,0.698,0.01451881537867329,600.512,22.36049748659112,566.0,637.0,0.0,0.948,0.007021111023192843,0.04439144738202816,0.084,0.005,1.0,0.0,0.4167750644926457,0.0,0.0
silent_uncertain_group,600,oracle_residual,-0.005499999999999896,0.010499999999980717,-2.2320994337570767e-05,3.2194939372202465e-05,0.001017828980647943,1.0365141211797923e-06,9.64065376420457e-07,9.62715285175623e-07,1.0,0.0,599.76,13.259721724840995,577.0,622.0,0.0,0.939,0.007568289106528638,0.0038434156871732716,1.0,0.0,1.0,0.0,0.828871353256373,0.0,0.0
visible_control,40,uniform,-0.10399999999999998,-0.09750000000002856,0.0013704999999714085,0.0028760289936860034,0.09091286762609528,0.008271542772522525,0.0077795437499999995,0.0078091191337500004,0.887,0.010011543337567888,40.25,6.202416462151664,30.0,51.0,0.0,0.918,0.008676174272108645,0.338123114864088,0.168,0.0,1.0,0.0,1.7548322498904045,0.0,0.0
visible_control,40,historical_active,-0.10399999999999998,-0.09750000000002856,0.003200019136213414,0.002507476471467574,0.07931828880643255,0.006287438254963473,0.005816931717440752,0.006001546543260299,0.898,0.009570579919733181,40.329,6.388393426407815,30.0,50.0,0.0,0.93,0.008068457101577721,0.28951015649599227,0.302,0.0,1.0,0.0,1.9998680182540196,0.0,0.0
visible_control,40,fixed_mixture,-0.10399999999999998,-0.09750000000002856,0.002411384760090979,0.002598535043564353,0.08216718788373228,0.006752384372631994,0.006357230509413611,0.00641858126268629,0.901,0.009444522221901962,40.268,6.191648610225916,30.950000000000003,51.0,0.0,0.928,0.00817410545564467,0.30620430892634165,0.223,0.002,1.0,0.0,1.8924251825997787,0.0,0.0
visible_control,40,robust_path,-0.10399999999999998,-0.09750000000002856,0.0008742807376036499,0.002711876647420892,0.08571863882892734,0.007354274950826774,0.006972084035888707,0.007026207416812648,0.896,0.009653186002558947,40.286,6.271964727383402,30.0,51.0,0.0,0.916,0.008771772910877251,0.3208229540768511,0.198,0.001,1.0,0.0,1.8109247493437366,0.0,0.0
visible_control,40,oracle_residual,-0.10399999999999998,-0.09750000000002856,0.0026144599999714246,0.0015261934420354986,0.04830913533878557,0.002329266422512163,0.0023761243125,0.0023692920123843755,0.988,0.003443254274665176,39.878,6.354013651975379,30.0,51.0,0.0,0.958,0.006343185319695463,0.19019647422606795,0.551,0.0,1.0,0.0,2.0,0.0,0.0
visible_control,100,uniform,-0.10399999999999998,-0.09750000000002856,0.002230799999971403,0.0017142124476492626,0.05422695141716776,0.002938524315675676,0.00306466875,0.003051343464,0.972,0.005216895628628201,99.76,10.296427361780221,84.0,117.0,0.0,0.945,0.007209368904418752,0.21437335796199114,0.461,0.0,1.0,0.0,1.0677682453422663,0.0,0.0
visible_control,100,historical_active,-0.10399999999999998,-0.09750000000002856,0.00038605062095592446,0.001466750649919173,0.04636113832350558,0.002151357469038316,0.0022796239369763,0.002237098596726948,0.986,0.0037153734670958734,99.95,10.18888184803972,83.0,116.0,0.0,0.96,0.00619677335393187,0.18132989233566388,0.676,0.0,1.0,0.0,1.4889121240471566,0.0,0.0
visible_control,100,fixed_mixture,-0.10399999999999998,-0.09750000000002856,0.002548456152668202,0.00152787021055599,0.04835853204643595,0.002334387380304405,0.0024957434537654435,0.0024772893300572117,0.985,0.0038438262187565153,99.83,10.167126952609104,84.0,116.0,0.0,0.956,0.006485676526007139,0.1929328744392725,0.561,0.0,1.0,0.0,1.1795988339726844,0.0,0.0
visible_control,100,robust_path,-0.10399999999999998,-0.09750000000002856,0.002895961993201926,0.0016167823549308666,0.05118356956972279,0.0026139851832157985,0.0027416848480590434,0.0027170615017401674,0.973,0.005125524363418832,99.892,10.293701778092093,84.0,116.0,0.0,0.946,0.0071473071852271785,0.20231042118264703,0.507,0.0,1.0,0.0,1.1065920061103358,0.0,0.0
visible_control,100,oracle_residual,-0.10399999999999998,-0.09750000000002856,0.0011417149999714271,0.0009626134046282783,0.03044669859515864,0.0009266245667700453,0.0009033009750000001,0.0008998668874807504,1.0,0.0,99.622,9.803837576746732,84.0,116.0,0.0,0.947,0.007084560677981384,0.11744497923173688,0.925,0.0,1.0,0.0,2.0,0.0,0.0
visible_control,250,uniform,-0.10399999999999998,-0.09750000000002856,0.0015766799999714087,0.001064891274828001,0.03369488616392567,0.0011339934272048048,0.00117871875,0.0011792601165,0.999,0.0009994998749374613,249.703,15.53287034198963,225.0,276.0,0.0,0.954,0.006624499981130654,0.13415163701305313,0.88,0.0,1.0,0.0,0.6407598293135232,0.0,0.0
visible_control,250,historical_active,-0.10399999999999998,-0.09750000000002856,0.0012870454196700354,0.0009234914763942071,0.029217120946083534,0.0008528365069727522,0.0008647008247905203,0.0008765423199221745,0.999,0.0009994998749374613,250.196,15.165539145628077,225.0,274.0,0.0,0.959,0.006270486424512857,0.1148291042333866,0.915,0.0,1.0,0.0,0.8771845933061222,0.0,0.0
visible_control,250,fixed_mixture,-0.10399999999999998,-0.09750000000002856,0.0014959987205269698,0.000958583310036801,0.03033481650662563,0.0009188819622811096,0.0009511486315061777,0.0009540164882066438,1.0,0.0,249.836,15.601939768007199,224.0,277.0,0.0,0.945,0.007209368904418752,0.1206007795526565,0.93,0.0,1.0,0.0,0.7028295446964491,0.0,0.0
visible_control,250,robust_path,-0.10399999999999998,-0.09750000000002856,0.0013841462814982997,0.0010056528540901782,0.03181575374253087,0.0010113376629397213,0.0010495251782565666,0.0010514765192909056,0.999,0.0009994998749374613,249.802,15.433567020977067,225.95,277.0,0.0,0.947,0.007084560677981384,0.1266786281029559,0.913,0.0,1.0,0.0,0.6619113298709226,0.0,0.0
visible_control,250,oracle_residual,-0.10399999999999998,-0.09750000000002856,8.760559997142425e-05,0.0005544708382752572,0.01752535726678104,0.00030743791049766633,0.00031417163999999996,0.00031503608897147996,1.0,0.0,250.658,14.156109332420101,227.95,275.0,0.0,0.942,0.007391616873188169,0.06954621541213428,1.0,0.0,1.0,0.0,2.0,0.0,0.0
visible_control,600,uniform,-0.10399999999999998,-0.09750000000002856,-0.0005150500000285912,0.0006801607928615781,0.021503984792230344,0.0004626187041460906,0.00044529375,0.0004470658467638889,1.0,0.0,600.509,22.540407915319303,563.0,638.05,0.0,0.955,0.00655553201502365,0.08277126449469632,0.999,0.0,1.0,0.0,0.3861224276118057,0.0,0.0
visible_control,600,historical_active,-0.10399999999999998,-0.09750000000002856,-0.00040407429947829365,0.0005813971562103471,0.018380639451219538,0.0003380226532494787,0.00031445294782938334,0.00031476023444011774,1.0,0.0,600.021,21.95432876567971,564.0,636.0,0.0,0.948,0.007021111023192843,0.06918144871662085,1.0,0.0,1.0,0.0,0.5303004098110842,0.0,0.0
visible_control,600,fixed_mixture,-0.10399999999999998,-0.09750000000002856,-0.0006681793355659132,0.0006089993364345013,0.019260212231706132,0.00037088019177766284,0.00035047286729424055,0.0003506687547712367,1.0,0.0,599.868,22.503844093820927,563.0,637.0,0.0,0.952,0.006759881655768837,0.07328834114117523,1.0,0.0,1.0,0.0,0.42382397785058057,0.0,0.0
visible_control,600,robust_path,-0.10399999999999998,-0.09750000000002856,-0.0005016423918723922,0.0006404000905987501,0.020247316090093816,0.00041011227603888735,0.0003914630996758118,0.0003929724535624769,1.0,0.0,600.303,22.50870571207578,563.95,636.0,0.0,0.947,0.007084560677981384,0.07760359472865153,0.999,0.0,1.0,0.0,0.39879284246171515,0.0,0.0
visible_control,600,oracle_residual,-0.10399999999999998,-0.09750000000002856,-0.00021456825002859337,0.0003016128659698936,0.009535480592585502,9.097032091857301e-05,8.506578750000001e-05,8.512863493081249e-05,1.0,0.0,600.243,17.399330093072194,572.0,628.0,0.0,0.951,0.006826346021115546,0.036159250977728666,1.0,0.0,1.0,0.0,1.4377164783767307,0.0,0.0
