eta,calibration_per_class,field_n,cohort,method,true_contrast,structural_width,nominal_minimum_coverage,replicates,feasible_count,feasible_rate,feasible_mcse,covered_count,covered_rate,covered_mcse,resolved_count,resolved_rate,resolved_mcse,wrong_resolution_count,wrong_resolution_rate,wrong_resolution_mcse,covered_mc_ci_lower,covered_mc_ci_upper,wrong_resolution_mc_ci_lower,wrong_resolution_mc_ci_upper,infeasible_count,width_feasible_n,width_p10,width_median,width_p90,max_constraint_residual
0,40,80,positive,field_only,0.033,0.1,0.98,200,195,0.975,0.011039701082909813,195,0.975,0.011039701082909813,0,0.0,0.0,0,0.0,0.0,0.9426256488731541,0.9918338338091575,0.0,0.01827534035513624,5,195,0.1,0.1,0.1,0.0
0,40,80,positive,calibration_only,0.033,0.1,0.98,200,200,1.0,0.0,200,1.0,0.0,0,0.0,0.0,0,0.0,0.0,0.9817246596448638,1.0,0.0,0.01827534035513624,0,200,0.1,0.1,0.1,0.0
0,40,80,positive,joint,0.033,0.1,0.96,200,200,1.0,0.0,200,1.0,0.0,0,0.0,0.0,0,0.0,0.0,0.9817246596448638,1.0,0.0,0.01827534035513624,0,200,0.1,0.1,0.1,2.220446049250313e-16
0,40,80,negative,field_only,-0.017,0.1,0.98,200,194,0.97,0.012062338081814825,194,0.97,0.012062338081814825,0,0.0,0.0,0,0.0,0.0,0.935849373294973,0.9889125443277452,0.0,0.01827534035513624,6,194,0.1,0.1,0.1,0.0
0,40,80,negative,calibration_only,-0.017,0.1,0.98,200,200,1.0,0.0,200,1.0,0.0,0,0.0,0.0,0,0.0,0.0,0.9817246596448638,1.0,0.0,0.01827534035513624,0,200,0.1,0.1,0.1,1.3877787807814457e-16
0,40,80,negative,joint,-0.017,0.1,0.96,200,200,1.0,0.0,200,1.0,0.0,0,0.0,0.0,0,0.0,0.0,0.9817246596448638,1.0,0.0,0.01827534035513624,0,200,0.1,0.1,0.1,2.220446049250313e-16
0,40,80,near,field_only,0.015399999999999995,0.1,0.98,200,195,0.975,0.011039701082909813,195,0.975,0.011039701082909813,0,0.0,0.0,0,0.0,0.0,0.9426256488731541,0.9918338338091575,0.0,0.01827534035513624,5,195,0.1,0.1,0.1,0.0
0,40,80,near,calibration_only,0.015399999999999995,0.1,0.98,200,200,1.0,0.0,200,1.0,0.0,0,0.0,0.0,0,0.0,0.0,0.9817246596448638,1.0,0.0,0.01827534035513624,0,200,0.1,0.1,0.1,1.1102230246251565e-16
0,40,80,near,joint,0.015399999999999995,0.1,0.96,200,200,1.0,0.0,200,1.0,0.0,0,0.0,0.0,0,0.0,0.0,0.9817246596448638,1.0,0.0,0.01827534035513624,0,200,0.1,0.1,0.1,2.220446049250313e-16
0,160,320,positive,field_only,0.033,0.1,0.98,200,194,0.97,0.012062338081814825,194,0.97,0.012062338081814825,0,0.0,0.0,0,0.0,0.0,0.935849373294973,0.9889125443277452,0.0,0.01827534035513624,6,194,0.1,0.1,0.1,0.0
0,160,320,positive,calibration_only,0.033,0.1,0.98,200,200,1.0,0.0,200,1.0,0.0,0,0.0,0.0,0,0.0,0.0,0.9817246596448638,1.0,0.0,0.01827534035513624,0,200,0.1,0.1,0.1,0.0
0,160,320,positive,joint,0.033,0.1,0.96,200,200,1.0,0.0,200,1.0,0.0,0,0.0,0.0,0,0.0,0.0,0.9817246596448638,1.0,0.0,0.01827534035513624,0,200,0.1,0.1,0.1,2.220446049250313e-16
0,160,320,negative,field_only,-0.017,0.1,0.98,200,195,0.975,0.011039701082909813,195,0.975,0.011039701082909813,0,0.0,0.0,0,0.0,0.0,0.9426256488731541,0.9918338338091575,0.0,0.01827534035513624,5,195,0.1,0.1,0.1,0.0
0,160,320,negative,calibration_only,-0.017,0.1,0.98,200,200,1.0,0.0,200,1.0,0.0,0,0.0,0.0,0,0.0,0.0,0.9817246596448638,1.0,0.0,0.01827534035513624,0,200,0.1,0.1,0.1,0.0
0,160,320,negative,joint,-0.017,0.1,0.96,200,200,1.0,0.0,200,1.0,0.0,0,0.0,0.0,0,0.0,0.0,0.9817246596448638,1.0,0.0,0.01827534035513624,0,200,0.1,0.1,0.1,2.220446049250313e-16
0,160,320,near,field_only,0.015399999999999995,0.1,0.98,200,199,0.995,0.004987484335815003,199,0.995,0.004987484335815003,0,0.0,0.0,0,0.0,0.0,0.9724581015427943,0.999873418972133,0.0,0.01827534035513624,1,199,0.1,0.1,0.1,0.0
0,160,320,near,calibration_only,0.015399999999999995,0.1,0.98,200,200,1.0,0.0,200,1.0,0.0,0,0.0,0.0,0,0.0,0.0,0.9817246596448638,1.0,0.0,0.01827534035513624,0,200,0.1,0.1,0.1,0.0
0,160,320,near,joint,0.015399999999999995,0.1,0.96,200,200,1.0,0.0,200,1.0,0.0,0,0.0,0.0,0,0.0,0.0,0.9817246596448638,1.0,0.0,0.01827534035513624,0,200,0.1,0.1,0.1,2.220446049250313e-16
0,640,1280,positive,field_only,0.033,0.1,0.98,200,199,0.995,0.004987484335815003,199,0.995,0.004987484335815003,0,0.0,0.0,0,0.0,0.0,0.9724581015427943,0.999873418972133,0.0,0.01827534035513624,1,199,0.1,0.1,0.1,0.0
0,640,1280,positive,calibration_only,0.033,0.1,0.98,200,200,1.0,0.0,200,1.0,0.0,0,0.0,0.0,0,0.0,0.0,0.9817246596448638,1.0,0.0,0.01827534035513624,0,200,0.1,0.1,0.1,0.0
0,640,1280,positive,joint,0.033,0.1,0.96,200,200,1.0,0.0,200,1.0,0.0,0,0.0,0.0,0,0.0,0.0,0.9817246596448638,1.0,0.0,0.01827534035513624,0,200,0.1,0.1,0.1,2.220446049250313e-16
0,640,1280,negative,field_only,-0.017,0.1,0.98,200,195,0.975,0.011039701082909813,195,0.975,0.011039701082909813,0,0.0,0.0,0,0.0,0.0,0.9426256488731541,0.9918338338091575,0.0,0.01827534035513624,5,195,0.1,0.1,0.1,0.0
0,640,1280,negative,calibration_only,-0.017,0.1,0.98,200,200,1.0,0.0,200,1.0,0.0,0,0.0,0.0,0,0.0,0.0,0.9817246596448638,1.0,0.0,0.01827534035513624,0,200,0.1,0.1,0.1,0.0
0,640,1280,negative,joint,-0.017,0.1,0.96,200,200,1.0,0.0,200,1.0,0.0,0,0.0,0.0,0,0.0,0.0,0.9817246596448638,1.0,0.0,0.01827534035513624,0,200,0.1,0.1,0.1,2.220446049250313e-16
0,640,1280,near,field_only,0.015399999999999995,0.1,0.98,200,198,0.99,0.007035623639735147,198,0.99,0.007035623639735147,0,0.0,0.0,0,0.0,0.0,0.9643453316027603,0.998786650986264,0.0,0.01827534035513624,2,198,0.1,0.1,0.1,0.0
0,640,1280,near,calibration_only,0.015399999999999995,0.1,0.98,200,200,1.0,0.0,200,1.0,0.0,0,0.0,0.0,0,0.0,0.0,0.9817246596448638,1.0,0.0,0.01827534035513624,0,200,0.1,0.1,0.1,1.1102230246251565e-16
0,640,1280,near,joint,0.015399999999999995,0.1,0.96,200,200,1.0,0.0,200,1.0,0.0,0,0.0,0.0,0,0.0,0.0,0.9817246596448638,1.0,0.0,0.01827534035513624,0,200,0.1,0.1,0.1,2.220446049250313e-16
0,2560,5120,positive,field_only,0.033,0.1,0.98,200,197,0.985,0.008595056718835545,197,0.985,0.008595056718835545,0,0.0,0.0,0,0.0,0.0,0.9567917180822874,0.9968958923784464,0.0,0.01827534035513624,3,197,0.1,0.1,0.1,0.0
0,2560,5120,positive,calibration_only,0.033,0.1,0.98,200,200,1.0,0.0,200,1.0,0.0,0,0.0,0.0,0,0.0,0.0,0.9817246596448638,1.0,0.0,0.01827534035513624,0,200,0.1,0.1,0.1,1.1102230246251565e-16
0,2560,5120,positive,joint,0.033,0.1,0.96,200,200,1.0,0.0,200,1.0,0.0,0,0.0,0.0,0,0.0,0.0,0.9817246596448638,1.0,0.0,0.01827534035513624,0,200,0.1,0.1,0.1,2.220446049250313e-16
0,2560,5120,negative,field_only,-0.017,0.1,0.98,200,192,0.96,0.013856406460551024,192,0.96,0.013856406460551024,0,0.0,0.0,0,0.0,0.0,0.9227080317739839,0.9825751910055194,0.0,0.01827534035513624,8,192,0.1,0.1,0.1,0.0
0,2560,5120,negative,calibration_only,-0.017,0.1,0.98,200,200,1.0,0.0,200,1.0,0.0,0,0.0,0.0,0,0.0,0.0,0.9817246596448638,1.0,0.0,0.01827534035513624,0,200,0.1,0.1,0.1,8.326672684688674e-17
0,2560,5120,negative,joint,-0.017,0.1,0.96,200,200,1.0,0.0,200,1.0,0.0,0,0.0,0.0,0,0.0,0.0,0.9817246596448638,1.0,0.0,0.01827534035513624,0,200,0.1,0.1,0.1,2.220446049250313e-16
0,2560,5120,near,field_only,0.015399999999999995,0.1,0.98,200,196,0.98,0.009899494936611668,196,0.98,0.009899494936611668,0,0.0,0.0,0,0.0,0.0,0.9495863909101037,0.9945244341204436,0.0,0.01827534035513624,4,196,0.1,0.1,0.1,0.0
0,2560,5120,near,calibration_only,0.015399999999999995,0.1,0.98,200,200,1.0,0.0,200,1.0,0.0,0,0.0,0.0,0,0.0,0.0,0.9817246596448638,1.0,0.0,0.01827534035513624,0,200,0.1,0.1,0.1,0.0
0,2560,5120,near,joint,0.015399999999999995,0.1,0.96,200,200,1.0,0.0,200,1.0,0.0,0,0.0,0.0,0,0.0,0.0,0.9817246596448638,1.0,0.0,0.01827534035513624,0,200,0.1,0.1,0.1,2.220446049250313e-16
0.01,40,80,positive,field_only,0.033,0.0,0.98,200,199,0.995,0.004987484335815003,199,0.995,0.004987484335815003,0,0.0,0.0,0,0.0,0.0,0.9724581015427943,0.999873418972133,0.0,0.01827534035513624,1,199,0.1,0.1,0.1,1.6653345369377348e-16
0.01,40,80,positive,calibration_only,0.033,0.0,0.98,200,200,1.0,0.0,200,1.0,0.0,0,0.0,0.0,0,0.0,0.0,0.9817246596448638,1.0,0.0,0.01827534035513624,0,200,0.1,0.1,0.1,1.1102230246251565e-16
0.01,40,80,positive,joint,0.033,0.0,0.96,200,200,1.0,0.0,200,1.0,0.0,0,0.0,0.0,0,0.0,0.0,0.9817246596448638,1.0,0.0,0.01827534035513624,0,200,0.1,0.1,0.1,2.220446049250313e-16
0.01,40,80,negative,field_only,-0.017,0.0,0.98,200,194,0.97,0.012062338081814825,193,0.965,0.012995191418367032,0,0.0,0.0,0,0.0,0.0,0.9292190016490228,0.9858144741015807,0.0,0.01827534035513624,6,194,0.1,0.1,0.1,1.6653345369377348e-16
0.01,40,80,negative,calibration_only,-0.017,0.0,0.98,200,200,1.0,0.0,200,1.0,0.0,0,0.0,0.0,0,0.0,0.0,0.9817246596448638,1.0,0.0,0.01827534035513624,0,200,0.1,0.1,0.1,1.6653345369377348e-16
0.01,40,80,negative,joint,-0.017,0.0,0.96,200,200,1.0,0.0,200,1.0,0.0,0,0.0,0.0,0,0.0,0.0,0.9817246596448638,1.0,0.0,0.01827534035513624,0,200,0.1,0.1,0.1,2.220446049250313e-16
0.01,40,80,near,field_only,0.015399999999999995,0.0,0.98,200,199,0.995,0.004987484335815003,199,0.995,0.004987484335815003,1,0.005,0.004987484335815001,0,0.0,0.0,0.9724581015427943,0.999873418972133,0.0,0.01827534035513624,1,199,0.1,0.1,0.1,1.6653345369377348e-16
0.01,40,80,near,calibration_only,0.015399999999999995,0.0,0.98,200,200,1.0,0.0,200,1.0,0.0,0,0.0,0.0,0,0.0,0.0,0.9817246596448638,1.0,0.0,0.01827534035513624,0,200,0.1,0.1,0.1,1.1102230246251565e-16
0.01,40,80,near,joint,0.015399999999999995,0.0,0.96,200,200,1.0,0.0,200,1.0,0.0,0,0.0,0.0,0,0.0,0.0,0.9817246596448638,1.0,0.0,0.01827534035513624,0,200,0.1,0.1,0.1,2.220446049250313e-16
0.01,160,320,positive,field_only,0.033,0.0,0.98,200,198,0.99,0.007035623639735147,198,0.99,0.007035623639735147,1,0.005,0.004987484335815001,0,0.0,0.0,0.9643453316027603,0.998786650986264,0.0,0.01827534035513624,2,198,0.1,0.1,0.1,1.6653345369377348e-16
0.01,160,320,positive,calibration_only,0.033,0.0,0.98,200,200,1.0,0.0,200,1.0,0.0,0,0.0,0.0,0,0.0,0.0,0.9817246596448638,1.0,0.0,0.01827534035513624,0,200,0.1,0.1,0.1,1.1102230246251565e-16
0.01,160,320,positive,joint,0.033,0.0,0.96,200,200,1.0,0.0,200,1.0,0.0,0,0.0,0.0,0,0.0,0.0,0.9817246596448638,1.0,0.0,0.01827534035513624,0,200,0.1,0.1,0.1,2.220446049250313e-16
0.01,160,320,negative,field_only,-0.017,0.0,0.98,200,197,0.985,0.008595056718835545,197,0.985,0.008595056718835545,0,0.0,0.0,0,0.0,0.0,0.9567917180822874,0.9968958923784464,0.0,0.01827534035513624,3,197,0.1,0.1,0.1,1.6653345369377348e-16
0.01,160,320,negative,calibration_only,-0.017,0.0,0.98,200,200,1.0,0.0,200,1.0,0.0,0,0.0,0.0,0,0.0,0.0,0.9817246596448638,1.0,0.0,0.01827534035513624,0,200,0.1,0.1,0.1,1.6653345369377348e-16
0.01,160,320,negative,joint,-0.017,0.0,0.96,200,200,1.0,0.0,200,1.0,0.0,0,0.0,0.0,0,0.0,0.0,0.9817246596448638,1.0,0.0,0.01827534035513624,0,200,0.1,0.1,0.1,2.220446049250313e-16
0.01,160,320,near,field_only,0.015399999999999995,0.0,0.98,200,198,0.99,0.007035623639735147,198,0.99,0.007035623639735147,0,0.0,0.0,0,0.0,0.0,0.9643453316027603,0.998786650986264,0.0,0.01827534035513624,2,198,0.1,0.1,0.1,1.6653345369377348e-16
0.01,160,320,near,calibration_only,0.015399999999999995,0.0,0.98,200,200,1.0,0.0,200,1.0,0.0,0,0.0,0.0,0,0.0,0.0,0.9817246596448638,1.0,0.0,0.01827534035513624,0,200,0.1,0.1,0.1,1.1102230246251565e-16
0.01,160,320,near,joint,0.015399999999999995,0.0,0.96,200,200,1.0,0.0,200,1.0,0.0,0,0.0,0.0,0,0.0,0.0,0.9817246596448638,1.0,0.0,0.01827534035513624,0,200,0.1,0.1,0.1,2.220446049250313e-16
0.01,640,1280,positive,field_only,0.033,0.0,0.98,200,200,1.0,0.0,197,0.985,0.008595056718835545,2,0.01,0.007035623639735145,1,0.005,0.004987484335815001,0.9567917180822874,0.9968958923784464,0.00012658102786701825,0.02754189845720562,0,200,0.1,0.1,0.1,2.220446049250313e-16
0.01,640,1280,positive,calibration_only,0.033,0.0,0.98,200,200,1.0,0.0,200,1.0,0.0,0,0.0,0.0,0,0.0,0.0,0.9817246596448638,1.0,0.0,0.01827534035513624,0,200,0.1,0.1,0.1,1.1102230246251565e-16
0.01,640,1280,positive,joint,0.033,0.0,0.96,200,200,1.0,0.0,200,1.0,0.0,0,0.0,0.0,0,0.0,0.0,0.9817246596448638,1.0,0.0,0.01827534035513624,0,200,0.1,0.1,0.1,2.220446049250313e-16
0.01,640,1280,negative,field_only,-0.017,0.0,0.98,200,200,1.0,0.0,199,0.995,0.004987484335815003,1,0.005,0.004987484335815001,1,0.005,0.004987484335815001,0.9724581015427943,0.999873418972133,0.00012658102786701825,0.02754189845720562,0,200,0.1,0.1,0.1,1.6653345369377348e-16
0.01,640,1280,negative,calibration_only,-0.017,0.0,0.98,200,200,1.0,0.0,200,1.0,0.0,0,0.0,0.0,0,0.0,0.0,0.9817246596448638,1.0,0.0,0.01827534035513624,0,200,0.1,0.1,0.1,1.6653345369377348e-16
0.01,640,1280,negative,joint,-0.017,0.0,0.96,200,200,1.0,0.0,200,1.0,0.0,0,0.0,0.0,0,0.0,0.0,0.9817246596448638,1.0,0.0,0.01827534035513624,0,200,0.1,0.1,0.1,2.220446049250313e-16
0.01,640,1280,near,field_only,0.015399999999999995,0.0,0.98,200,199,0.995,0.004987484335815003,198,0.99,0.007035623639735147,0,0.0,0.0,0,0.0,0.0,0.9643453316027603,0.998786650986264,0.0,0.01827534035513624,1,199,0.1,0.1,0.1,2.220446049250313e-16
0.01,640,1280,near,calibration_only,0.015399999999999995,0.0,0.98,200,200,1.0,0.0,200,1.0,0.0,0,0.0,0.0,0,0.0,0.0,0.9817246596448638,1.0,0.0,0.01827534035513624,0,200,0.1,0.1,0.1,1.1102230246251565e-16
0.01,640,1280,near,joint,0.015399999999999995,0.0,0.96,200,200,1.0,0.0,200,1.0,0.0,0,0.0,0.0,0,0.0,0.0,0.9817246596448638,1.0,0.0,0.01827534035513624,0,200,0.1,0.1,0.1,2.220446049250313e-16
0.01,2560,5120,positive,field_only,0.033,0.0,0.98,200,200,1.0,0.0,200,1.0,0.0,2,0.01,0.007035623639735145,0,0.0,0.0,0.9817246596448638,1.0,0.0,0.01827534035513624,0,200,0.09998991475658825,0.1,0.1,1.6653345369377348e-16
0.01,2560,5120,positive,calibration_only,0.033,0.0,0.98,200,200,1.0,0.0,200,1.0,0.0,0,0.0,0.0,0,0.0,0.0,0.9817246596448638,1.0,0.0,0.01827534035513624,0,200,0.1,0.1,0.1,1.1102230246251565e-16
0.01,2560,5120,positive,joint,0.033,0.0,0.96,200,200,1.0,0.0,200,1.0,0.0,0,0.0,0.0,0,0.0,0.0,0.9817246596448638,1.0,0.0,0.01827534035513624,0,200,0.1,0.1,0.1,2.220446049250313e-16
0.01,2560,5120,negative,field_only,-0.017,0.0,0.98,200,199,0.995,0.004987484335815003,197,0.985,0.008595056718835545,3,0.015,0.008595056718835542,0,0.0,0.0,0.9567917180822874,0.9968958923784464,0.0,0.01827534035513624,1,199,0.09942322059502529,0.1,0.1,2.220446049250313e-16
0.01,2560,5120,negative,calibration_only,-0.017,0.0,0.98,200,200,1.0,0.0,200,1.0,0.0,0,0.0,0.0,0,0.0,0.0,0.9817246596448638,1.0,0.0,0.01827534035513624,0,200,0.1,0.1,0.1,2.220446049250313e-16
0.01,2560,5120,negative,joint,-0.017,0.0,0.96,200,200,1.0,0.0,200,1.0,0.0,0,0.0,0.0,0,0.0,0.0,0.9817246596448638,1.0,0.0,0.01827534035513624,0,200,0.1,0.1,0.1,2.220446049250313e-16
0.01,2560,5120,near,field_only,0.015399999999999995,0.0,0.98,200,200,1.0,0.0,200,1.0,0.0,0,0.0,0.0,0,0.0,0.0,0.9817246596448638,1.0,0.0,0.01827534035513624,0,200,0.09810479508653097,0.1,0.1,1.6653345369377348e-16
0.01,2560,5120,near,calibration_only,0.015399999999999995,0.0,0.98,200,200,1.0,0.0,200,1.0,0.0,0,0.0,0.0,0,0.0,0.0,0.9817246596448638,1.0,0.0,0.01827534035513624,0,200,0.1,0.1,0.1,1.1102230246251565e-16
0.01,2560,5120,near,joint,0.015399999999999995,0.0,0.96,200,200,1.0,0.0,200,1.0,0.0,0,0.0,0.0,0,0.0,0.0,0.9817246596448638,1.0,0.0,0.01827534035513624,0,200,0.1,0.1,0.1,2.220446049250313e-16
0.03,40,80,positive,field_only,0.033,0.0,0.98,200,196,0.98,0.009899494936611668,195,0.975,0.011039701082909813,0,0.0,0.0,0,0.0,0.0,0.9426256488731541,0.9918338338091575,0.0,0.01827534035513624,4,196,0.1,0.1,0.1,1.6653345369377348e-16
0.03,40,80,positive,calibration_only,0.033,0.0,0.98,200,200,1.0,0.0,200,1.0,0.0,0,0.0,0.0,0,0.0,0.0,0.9817246596448638,1.0,0.0,0.01827534035513624,0,200,0.1,0.1,0.1,2.220446049250313e-16
0.03,40,80,positive,joint,0.033,0.0,0.96,200,200,1.0,0.0,200,1.0,0.0,0,0.0,0.0,0,0.0,0.0,0.9817246596448638,1.0,0.0,0.01827534035513624,0,200,0.1,0.1,0.1,2.220446049250313e-16
0.03,40,80,negative,field_only,-0.017,0.0,0.98,200,199,0.995,0.004987484335815003,198,0.99,0.007035623639735147,1,0.005,0.004987484335815001,1,0.005,0.004987484335815001,0.9643453316027603,0.998786650986264,0.00012658102786701825,0.02754189845720562,1,199,0.1,0.1,0.1,1.6653345369377348e-16
0.03,40,80,negative,calibration_only,-0.017,0.0,0.98,200,200,1.0,0.0,200,1.0,0.0,0,0.0,0.0,0,0.0,0.0,0.9817246596448638,1.0,0.0,0.01827534035513624,0,200,0.1,0.1,0.1,1.6653345369377348e-16
0.03,40,80,negative,joint,-0.017,0.0,0.96,200,200,1.0,0.0,200,1.0,0.0,0,0.0,0.0,0,0.0,0.0,0.9817246596448638,1.0,0.0,0.01827534035513624,0,200,0.1,0.1,0.1,2.220446049250313e-16
0.03,40,80,near,field_only,0.015399999999999995,0.0,0.98,200,200,1.0,0.0,200,1.0,0.0,0,0.0,0.0,0,0.0,0.0,0.9817246596448638,1.0,0.0,0.01827534035513624,0,200,0.1,0.1,0.1,1.6653345369377348e-16
0.03,40,80,near,calibration_only,0.015399999999999995,0.0,0.98,200,200,1.0,0.0,200,1.0,0.0,0,0.0,0.0,0,0.0,0.0,0.9817246596448638,1.0,0.0,0.01827534035513624,0,200,0.1,0.1,0.1,1.1102230246251565e-16
0.03,40,80,near,joint,0.015399999999999995,0.0,0.96,200,200,1.0,0.0,200,1.0,0.0,0,0.0,0.0,0,0.0,0.0,0.9817246596448638,1.0,0.0,0.01827534035513624,0,200,0.1,0.1,0.1,2.220446049250313e-16
0.03,160,320,positive,field_only,0.033,0.0,0.98,200,198,0.99,0.007035623639735147,196,0.98,0.009899494936611668,2,0.01,0.007035623639735145,1,0.005,0.004987484335815001,0.9495863909101037,0.9945244341204436,0.00012658102786701825,0.02754189845720562,2,198,0.1,0.1,0.1,1.6653345369377348e-16
0.03,160,320,positive,calibration_only,0.033,0.0,0.98,200,200,1.0,0.0,200,1.0,0.0,0,0.0,0.0,0,0.0,0.0,0.9817246596448638,1.0,0.0,0.01827534035513624,0,200,0.1,0.1,0.1,1.6653345369377348e-16
0.03,160,320,positive,joint,0.033,0.0,0.96,200,200,1.0,0.0,200,1.0,0.0,0,0.0,0.0,0,0.0,0.0,0.9817246596448638,1.0,0.0,0.01827534035513624,0,200,0.1,0.1,0.1,2.220446049250313e-16
0.03,160,320,negative,field_only,-0.017,0.0,0.98,200,199,0.995,0.004987484335815003,199,0.995,0.004987484335815003,0,0.0,0.0,0,0.0,0.0,0.9724581015427943,0.999873418972133,0.0,0.01827534035513624,1,199,0.1,0.1,0.1,1.6653345369377348e-16
0.03,160,320,negative,calibration_only,-0.017,0.0,0.98,200,200,1.0,0.0,200,1.0,0.0,0,0.0,0.0,0,0.0,0.0,0.9817246596448638,1.0,0.0,0.01827534035513624,0,200,0.1,0.1,0.1,1.6653345369377348e-16
0.03,160,320,negative,joint,-0.017,0.0,0.96,200,200,1.0,0.0,200,1.0,0.0,0,0.0,0.0,0,0.0,0.0,0.9817246596448638,1.0,0.0,0.01827534035513624,0,200,0.1,0.1,0.1,2.220446049250313e-16
0.03,160,320,near,field_only,0.015399999999999995,0.0,0.98,200,200,1.0,0.0,199,0.995,0.004987484335815003,0,0.0,0.0,0,0.0,0.0,0.9724581015427943,0.999873418972133,0.0,0.01827534035513624,0,200,0.1,0.1,0.1,2.220446049250313e-16
0.03,160,320,near,calibration_only,0.015399999999999995,0.0,0.98,200,200,1.0,0.0,200,1.0,0.0,0,0.0,0.0,0,0.0,0.0,0.9817246596448638,1.0,0.0,0.01827534035513624,0,200,0.1,0.1,0.1,1.3877787807814457e-16
0.03,160,320,near,joint,0.015399999999999995,0.0,0.96,200,200,1.0,0.0,200,1.0,0.0,0,0.0,0.0,0,0.0,0.0,0.9817246596448638,1.0,0.0,0.01827534035513624,0,200,0.1,0.1,0.1,2.220446049250313e-16
0.03,640,1280,positive,field_only,0.033,0.0,0.98,200,200,1.0,0.0,199,0.995,0.004987484335815003,3,0.015,0.008595056718835542,0,0.0,0.0,0.9724581015427943,0.999873418972133,0.0,0.01827534035513624,0,200,0.09061665550154543,0.1,0.1,2.220446049250313e-16
0.03,640,1280,positive,calibration_only,0.033,0.0,0.98,200,200,1.0,0.0,200,1.0,0.0,0,0.0,0.0,0,0.0,0.0,0.9817246596448638,1.0,0.0,0.01827534035513624,0,200,0.1,0.1,0.1,3.3306690738754696e-16
0.03,640,1280,positive,joint,0.033,0.0,0.96,200,200,1.0,0.0,200,1.0,0.0,0,0.0,0.0,0,0.0,0.0,0.9817246596448638,1.0,0.0,0.01827534035513624,0,200,0.1,0.1,0.1,2.220446049250313e-16
0.03,640,1280,negative,field_only,-0.017,0.0,0.98,200,199,0.995,0.004987484335815003,199,0.995,0.004987484335815003,0,0.0,0.0,0,0.0,0.0,0.9724581015427943,0.999873418972133,0.0,0.01827534035513624,1,199,0.08381795585393259,0.1,0.1,2.220446049250313e-16
0.03,640,1280,negative,calibration_only,-0.017,0.0,0.98,200,200,1.0,0.0,200,1.0,0.0,0,0.0,0.0,0,0.0,0.0,0.9817246596448638,1.0,0.0,0.01827534035513624,0,200,0.1,0.1,0.1,2.220446049250313e-16
0.03,640,1280,negative,joint,-0.017,0.0,0.96,200,200,1.0,0.0,200,1.0,0.0,0,0.0,0.0,0,0.0,0.0,0.9817246596448638,1.0,0.0,0.01827534035513624,0,200,0.1,0.1,0.1,2.220446049250313e-16
0.03,640,1280,near,field_only,0.015399999999999995,0.0,0.98,200,198,0.99,0.007035623639735147,198,0.99,0.007035623639735147,3,0.015,0.008595056718835542,0,0.0,0.0,0.9643453316027603,0.998786650986264,0.0,0.01827534035513624,2,198,0.09191355376429562,0.1,0.1,2.220446049250313e-16
0.03,640,1280,near,calibration_only,0.015399999999999995,0.0,0.98,200,200,1.0,0.0,200,1.0,0.0,0,0.0,0.0,0,0.0,0.0,0.9817246596448638,1.0,0.0,0.01827534035513624,0,200,0.1,0.1,0.1,3.3306690738754696e-16
0.03,640,1280,near,joint,0.015399999999999995,0.0,0.96,200,200,1.0,0.0,200,1.0,0.0,0,0.0,0.0,0,0.0,0.0,0.9817246596448638,1.0,0.0,0.01827534035513624,0,200,0.1,0.1,0.1,2.220446049250313e-16
0.03,2560,5120,positive,field_only,0.033,0.0,0.98,200,200,1.0,0.0,198,0.99,0.007035623639735147,16,0.08,0.01918332609325088,0,0.0,0.0,0.9643453316027603,0.998786650986264,0.0,0.01827534035513624,0,200,0.06318170037562873,0.08382714012763007,0.0959774425558575,2.220446049250313e-16
0.03,2560,5120,positive,calibration_only,0.033,0.0,0.98,200,200,1.0,0.0,200,1.0,0.0,0,0.0,0.0,0,0.0,0.0,0.9817246596448638,1.0,0.0,0.01827534035513624,0,200,0.09483160682744834,0.1,0.1,2.220446049250313e-16
0.03,2560,5120,positive,joint,0.033,0.0,0.96,200,200,1.0,0.0,200,1.0,0.0,0,0.0,0.0,0,0.0,0.0,0.9817246596448638,1.0,0.0,0.01827534035513624,0,200,0.1,0.1,0.1,2.220446049250313e-16
0.03,2560,5120,negative,field_only,-0.017,0.0,0.98,200,199,0.995,0.004987484335815003,199,0.995,0.004987484335815003,1,0.005,0.004987484335815001,0,0.0,0.0,0.9724581015427943,0.999873418972133,0.0,0.01827534035513624,1,199,0.0589668387490759,0.08036121673770888,0.09581825430007455,4.440892098500626e-16
0.03,2560,5120,negative,calibration_only,-0.017,0.0,0.98,200,200,1.0,0.0,200,1.0,0.0,0,0.0,0.0,0,0.0,0.0,0.9817246596448638,1.0,0.0,0.01827534035513624,0,200,0.08794190838484994,0.1,0.1,2.498001805406602e-16
0.03,2560,5120,negative,joint,-0.017,0.0,0.96,200,200,1.0,0.0,200,1.0,0.0,0,0.0,0.0,0,0.0,0.0,0.9817246596448638,1.0,0.0,0.01827534035513624,0,200,0.1,0.1,0.1,2.220446049250313e-16
0.03,2560,5120,near,field_only,0.015399999999999995,0.0,0.98,200,200,1.0,0.0,200,1.0,0.0,0,0.0,0.0,0,0.0,0.0,0.9817246596448638,1.0,0.0,0.01827534035513624,0,200,0.08032996757947879,0.0915531676604452,0.09816725141605208,2.220446049250313e-16
0.03,2560,5120,near,calibration_only,0.015399999999999995,0.0,0.98,200,200,1.0,0.0,200,1.0,0.0,0,0.0,0.0,0,0.0,0.0,0.9817246596448638,1.0,0.0,0.01827534035513624,0,200,0.0955281330532722,0.1,0.1,2.220446049250313e-16
0.03,2560,5120,near,joint,0.015399999999999995,0.0,0.96,200,200,1.0,0.0,200,1.0,0.0,0,0.0,0.0,0,0.0,0.0,0.9817246596448638,1.0,0.0,0.01827534035513624,0,200,0.1,0.1,0.1,2.220446049250313e-16
0.1,40,80,positive,field_only,0.033,0.0,0.98,200,199,0.995,0.004987484335815003,199,0.995,0.004987484335815003,1,0.005,0.004987484335815001,0,0.0,0.0,0.9724581015427943,0.999873418972133,0.0,0.01827534035513624,1,199,0.09927939898574298,0.1,0.1,1.1102230246251565e-16
0.1,40,80,positive,calibration_only,0.033,0.0,0.98,200,200,1.0,0.0,200,1.0,0.0,0,0.0,0.0,0,0.0,0.0,0.9817246596448638,1.0,0.0,0.01827534035513624,0,200,0.1,0.1,0.1,2.220446049250313e-16
0.1,40,80,positive,joint,0.033,0.0,0.96,200,200,1.0,0.0,200,1.0,0.0,0,0.0,0.0,0,0.0,0.0,0.9817246596448638,1.0,0.0,0.01827534035513624,0,200,0.1,0.1,0.1,2.220446049250313e-16
0.1,40,80,negative,field_only,-0.017,0.0,0.98,200,199,0.995,0.004987484335815003,199,0.995,0.004987484335815003,0,0.0,0.0,0,0.0,0.0,0.9724581015427943,0.999873418972133,0.0,0.01827534035513624,1,199,0.08662204008520061,0.1,0.1,1.1102230246251565e-16
0.1,40,80,negative,calibration_only,-0.017,0.0,0.98,200,200,1.0,0.0,200,1.0,0.0,0,0.0,0.0,0,0.0,0.0,0.9817246596448638,1.0,0.0,0.01827534035513624,0,200,0.1,0.1,0.1,2.220446049250313e-16
0.1,40,80,negative,joint,-0.017,0.0,0.96,200,200,1.0,0.0,200,1.0,0.0,0,0.0,0.0,0,0.0,0.0,0.9817246596448638,1.0,0.0,0.01827534035513624,0,200,0.1,0.1,0.1,2.220446049250313e-16
0.1,40,80,near,field_only,0.015399999999999995,0.0,0.98,200,200,1.0,0.0,200,1.0,0.0,1,0.005,0.004987484335815001,0,0.0,0.0,0.9817246596448638,1.0,0.0,0.01827534035513624,0,200,0.09855879797148595,0.1,0.1,2.220446049250313e-16
0.1,40,80,near,calibration_only,0.015399999999999995,0.0,0.98,200,200,1.0,0.0,200,1.0,0.0,0,0.0,0.0,0,0.0,0.0,0.9817246596448638,1.0,0.0,0.01827534035513624,0,200,0.1,0.1,0.1,8.326672684688674e-17
0.1,40,80,near,joint,0.015399999999999995,0.0,0.96,200,200,1.0,0.0,200,1.0,0.0,0,0.0,0.0,0,0.0,0.0,0.9817246596448638,1.0,0.0,0.01827534035513624,0,200,0.1,0.1,0.1,2.220446049250313e-16
0.1,160,320,positive,field_only,0.033,0.0,0.98,200,200,1.0,0.0,200,1.0,0.0,8,0.04,0.013856406460551017,0,0.0,0.0,0.9817246596448638,1.0,0.0,0.01827534035513624,0,200,0.07270849585604489,0.09411548267235162,0.1,2.220446049250313e-16
0.1,160,320,positive,calibration_only,0.033,0.0,0.98,200,200,1.0,0.0,200,1.0,0.0,0,0.0,0.0,0,0.0,0.0,0.9817246596448638,1.0,0.0,0.01827534035513624,0,200,0.09648954761383774,0.1,0.1,2.220446049250313e-16
0.1,160,320,positive,joint,0.033,0.0,0.96,200,200,1.0,0.0,200,1.0,0.0,0,0.0,0.0,0,0.0,0.0,0.9817246596448638,1.0,0.0,0.01827534035513624,0,200,0.1,0.1,0.1,2.220446049250313e-16
0.1,160,320,negative,field_only,-0.017,0.0,0.98,200,200,1.0,0.0,200,1.0,0.0,1,0.005,0.004987484335815001,0,0.0,0.0,0.9817246596448638,1.0,0.0,0.01827534035513624,0,200,0.07047275670065994,0.09000188879926652,0.1,2.220446049250313e-16
0.1,160,320,negative,calibration_only,-0.017,0.0,0.98,200,200,1.0,0.0,200,1.0,0.0,0,0.0,0.0,0,0.0,0.0,0.9817246596448638,1.0,0.0,0.01827534035513624,0,200,0.09417844416085938,0.1,0.1,2.220446049250313e-16
0.1,160,320,negative,joint,-0.017,0.0,0.96,200,200,1.0,0.0,200,1.0,0.0,0,0.0,0.0,0,0.0,0.0,0.9817246596448638,1.0,0.0,0.01827534035513624,0,200,0.1,0.1,0.1,2.220446049250313e-16
0.1,160,320,near,field_only,0.015399999999999995,0.0,0.98,200,199,0.995,0.004987484335815003,199,0.995,0.004987484335815003,0,0.0,0.0,0,0.0,0.0,0.9724581015427943,0.999873418972133,0.0,0.01827534035513624,1,199,0.08606193326748462,0.09702529261082976,0.1,1.1102230246251565e-16
0.1,160,320,near,calibration_only,0.015399999999999995,0.0,0.98,200,200,1.0,0.0,200,1.0,0.0,0,0.0,0.0,0,0.0,0.0,0.9817246596448638,1.0,0.0,0.01827534035513624,0,200,0.09885839967779225,0.1,0.1,2.220446049250313e-16
0.1,160,320,near,joint,0.015399999999999995,0.0,0.96,200,200,1.0,0.0,200,1.0,0.0,0,0.0,0.0,0,0.0,0.0,0.9817246596448638,1.0,0.0,0.01827534035513624,0,200,0.1,0.1,0.1,2.220446049250313e-16
0.1,640,1280,positive,field_only,0.033,0.0,0.98,200,199,0.995,0.004987484335815003,199,0.995,0.004987484335815003,48,0.24,0.030199337741083,0,0.0,0.0,0.9724581015427943,0.999873418972133,0.0,0.01827534035513624,1,199,0.052341007232317965,0.06619988909840845,0.07331427653048392,2.220446049250313e-16
0.1,640,1280,positive,calibration_only,0.033,0.0,0.98,200,200,1.0,0.0,200,1.0,0.0,0,0.0,0.0,0,0.0,0.0,0.9817246596448638,1.0,0.0,0.01827534035513624,0,200,0.07747627394369842,0.08886333896279798,0.09739354263987482,4.440892098500626e-16
0.1,640,1280,positive,joint,0.033,0.0,0.96,200,200,1.0,0.0,200,1.0,0.0,0,0.0,0.0,0,0.0,0.0,0.9817246596448638,1.0,0.0,0.01827534035513624,0,200,0.0953910692028701,0.1,0.1,2.220446049250313e-16
0.1,640,1280,negative,field_only,-0.017,0.0,0.98,200,200,1.0,0.0,200,1.0,0.0,3,0.015,0.008595056718835542,0,0.0,0.0,0.9817246596448638,1.0,0.0,0.01827534035513624,0,200,0.04795178217627503,0.061432993900634274,0.0719747968440054,3.3306690738754696e-16
0.1,640,1280,negative,calibration_only,-0.017,0.0,0.98,200,200,1.0,0.0,200,1.0,0.0,0,0.0,0.0,0,0.0,0.0,0.9817246596448638,1.0,0.0,0.01827534035513624,0,200,0.07116873897238858,0.08305176968928085,0.09454519634582875,4.440892098500626e-16
0.1,640,1280,negative,joint,-0.017,0.0,0.96,200,200,1.0,0.0,200,1.0,0.0,0,0.0,0.0,0,0.0,0.0,0.9817246596448638,1.0,0.0,0.01827534035513624,0,200,0.09214492580530925,0.1,0.1,2.220446049250313e-16
0.1,640,1280,near,field_only,0.015399999999999995,0.0,0.98,200,200,1.0,0.0,200,1.0,0.0,3,0.015,0.008595056718835542,0,0.0,0.0,0.9817246596448638,1.0,0.0,0.01827534035513624,0,200,0.06828746806432198,0.07536016215199448,0.0794194004669977,2.220446049250313e-16
0.1,640,1280,near,calibration_only,0.015399999999999995,0.0,0.98,200,200,1.0,0.0,200,1.0,0.0,0,0.0,0.0,0,0.0,0.0,0.9817246596448638,1.0,0.0,0.01827534035513624,0,200,0.08744482108959956,0.09451443553979,0.09998033088990627,2.220446049250313e-16
0.1,640,1280,near,joint,0.015399999999999995,0.0,0.96,200,200,1.0,0.0,200,1.0,0.0,0,0.0,0.0,0,0.0,0.0,0.9817246596448638,1.0,0.0,0.01827534035513624,0,200,0.09865696649994128,0.1,0.1,2.220446049250313e-16
0.1,2560,5120,positive,field_only,0.033,0.0,0.98,200,200,1.0,0.0,200,1.0,0.0,196,0.98,0.009899494936611668,0,0.0,0.0,0.9817246596448638,1.0,0.0,0.01827534035513624,0,200,0.037319417448256675,0.04067585867861971,0.043477769179096536,2.220446049250313e-16
0.1,2560,5120,positive,calibration_only,0.033,0.0,0.98,200,200,1.0,0.0,200,1.0,0.0,108,0.54,0.035242020373412196,0,0.0,0.0,0.9817246596448638,1.0,0.0,0.01827534035513624,0,200,0.05211182601716157,0.05658984615174251,0.061858214158424435,4.440892098500626e-16
0.1,2560,5120,positive,joint,0.033,0.0,0.96,200,200,1.0,0.0,200,1.0,0.0,2,0.01,0.007035623639735145,0,0.0,0.0,0.9817246596448638,1.0,0.0,0.01827534035513624,0,200,0.06877233542659593,0.07650702240558453,0.0850214011957548,2.220446049250313e-16
0.1,2560,5120,negative,field_only,-0.017,0.0,0.98,200,200,1.0,0.0,200,1.0,0.0,34,0.17,0.02656124997058685,0,0.0,0.0,0.9817246596448638,1.0,0.0,0.01827534035513624,0,200,0.03537585780753466,0.04031920681306492,0.04313755923439018,3.3306690738754696e-16
0.1,2560,5120,negative,calibration_only,-0.017,0.0,0.98,200,200,1.0,0.0,200,1.0,0.0,0,0.0,0.0,0,0.0,0.0,0.9817246596448638,1.0,0.0,0.01827534035513624,0,200,0.04852386400003141,0.05387110259462255,0.05885873615486201,2.498001805406602e-16
0.1,2560,5120,negative,joint,-0.017,0.0,0.96,200,200,1.0,0.0,200,1.0,0.0,0,0.0,0.0,0,0.0,0.0,0.9817246596448638,1.0,0.0,0.01827534035513624,0,200,0.06402460054554888,0.07332135093980358,0.08308628485276479,2.220446049250313e-16
0.1,2560,5120,near,field_only,0.015399999999999995,0.0,0.98,200,200,1.0,0.0,200,1.0,0.0,14,0.07,0.01804161855266872,0,0.0,0.0,0.9817246596448638,1.0,0.0,0.01827534035513624,0,200,0.04253238287381154,0.04552714751749647,0.047525020641591705,3.3306690738754696e-16
0.1,2560,5120,near,calibration_only,0.015399999999999995,0.0,0.98,200,200,1.0,0.0,200,1.0,0.0,0,0.0,0.0,0,0.0,0.0,0.9817246596448638,1.0,0.0,0.01827534035513624,0,200,0.05965000170868891,0.06733462981976056,0.07367599647259572,2.498001805406602e-16
0.1,2560,5120,near,joint,0.015399999999999995,0.0,0.96,200,200,1.0,0.0,200,1.0,0.0,0,0.0,0.0,0,0.0,0.0,0.9817246596448638,1.0,0.0,0.01827534035513624,0,200,0.08248166405487703,0.08863471240413119,0.09332574332951658,2.220446049250313e-16
0.3,40,80,positive,field_only,0.033,0.0,0.98,200,200,1.0,0.0,200,1.0,0.0,16,0.08,0.01918332609325088,0,0.0,0.0,0.9817246596448638,1.0,0.0,0.01827534035513624,0,200,0.06148465300390959,0.08164331995184007,0.09346823659264793,2.220446049250313e-16
0.3,40,80,positive,calibration_only,0.033,0.0,0.98,200,200,1.0,0.0,200,1.0,0.0,0,0.0,0.0,0,0.0,0.0,0.9817246596448638,1.0,0.0,0.01827534035513624,0,200,0.0902062420857556,0.09828421625962126,0.1,4.218847493575595e-15
0.3,40,80,positive,joint,0.033,0.0,0.96,200,200,1.0,0.0,200,1.0,0.0,0,0.0,0.0,0,0.0,0.0,0.9817246596448638,1.0,0.0,0.01827534035513624,0,200,0.1,0.1,0.1,1.5543122344752192e-15
0.3,40,80,negative,field_only,-0.017,0.0,0.98,200,200,1.0,0.0,200,1.0,0.0,4,0.02,0.009899494936611665,0,0.0,0.0,0.9817246596448638,1.0,0.0,0.01827534035513624,0,200,0.05595562705812543,0.07321006335938153,0.08766635272357343,3.3306690738754696e-16
0.3,40,80,negative,calibration_only,-0.017,0.0,0.98,200,200,1.0,0.0,200,1.0,0.0,0,0.0,0.0,0,0.0,0.0,0.9817246596448638,1.0,0.0,0.01827534035513624,0,200,0.08483031575024141,0.09767118256878382,0.1,6.661338147750939e-16
0.3,40,80,negative,joint,-0.017,0.0,0.96,200,200,1.0,0.0,200,1.0,0.0,0,0.0,0.0,0,0.0,0.0,0.9817246596448638,1.0,0.0,0.01827534035513624,0,200,0.1,0.1,0.1,2.6645352591003757e-15
0.3,40,80,near,field_only,0.015399999999999995,0.0,0.98,200,200,1.0,0.0,200,1.0,0.0,0,0.0,0.0,0,0.0,0.0,0.9817246596448638,1.0,0.0,0.01827534035513624,0,200,0.07794370653733657,0.08812617834213553,0.09438949646860008,3.3306690738754696e-16
0.3,40,80,near,calibration_only,0.015399999999999995,0.0,0.98,200,200,1.0,0.0,200,1.0,0.0,0,0.0,0.0,0,0.0,0.0,0.9817246596448638,1.0,0.0,0.01827534035513624,0,200,0.09316864375953679,0.1,0.1,1.887379141862766e-15
0.3,40,80,near,joint,0.015399999999999995,0.0,0.96,200,200,1.0,0.0,200,1.0,0.0,0,0.0,0.0,0,0.0,0.0,0.9817246596448638,1.0,0.0,0.01827534035513624,0,200,0.1,0.1,0.1,3.3306690738754696e-15
0.3,160,320,positive,field_only,0.033,0.0,0.98,200,200,1.0,0.0,200,1.0,0.0,140,0.7,0.032403703492039304,0,0.0,0.0,0.9817246596448638,1.0,0.0,0.01827534035513624,0,200,0.04620937935314088,0.052071703685927936,0.055572971519322945,2.220446049250313e-16
0.3,160,320,positive,calibration_only,0.033,0.0,0.98,200,200,1.0,0.0,200,1.0,0.0,17,0.085,0.01971991379291502,0,0.0,0.0,0.9817246596448638,1.0,0.0,0.01827534035513624,0,200,0.06040483821324481,0.06793624818283484,0.07808342916323058,6.106226635438361e-16
0.3,160,320,positive,joint,0.033,0.0,0.96,200,200,1.0,0.0,200,1.0,0.0,0,0.0,0.0,0,0.0,0.0,0.9817246596448638,1.0,0.0,0.01827534035513624,0,200,0.0807391880431944,0.09314936531499732,0.09825694936524347,4.218847493575595e-15
0.3,160,320,negative,field_only,-0.017,0.0,0.98,200,200,1.0,0.0,200,1.0,0.0,15,0.075,0.018624580532189176,0,0.0,0.0,0.9817246596448638,1.0,0.0,0.01827534035513624,0,200,0.04067421871972898,0.04831667989153593,0.053687981937644486,2.220446049250313e-16
0.3,160,320,negative,calibration_only,-0.017,0.0,0.98,200,200,1.0,0.0,200,1.0,0.0,0,0.0,0.0,0,0.0,0.0,0.9817246596448638,1.0,0.0,0.01827534035513624,0,200,0.056401128568696966,0.06419553053600535,0.0711539206834957,8.881784197001252e-16
0.3,160,320,negative,joint,-0.017,0.0,0.96,200,200,1.0,0.0,200,1.0,0.0,0,0.0,0.0,0,0.0,0.0,0.9817246596448638,1.0,0.0,0.01827534035513624,0,200,0.07506069250586102,0.08668042746458905,0.09750371023460568,9.992007221626409e-16
0.3,160,320,near,field_only,0.015399999999999995,0.0,0.98,200,200,1.0,0.0,200,1.0,0.0,6,0.03,0.012062338081814818,0,0.0,0.0,0.9817246596448638,1.0,0.0,0.01827534035513624,0,200,0.05426459772616554,0.057866477372504714,0.06051755724274139,3.3306690738754696e-16
0.3,160,320,near,calibration_only,0.015399999999999995,0.0,0.98,200,200,1.0,0.0,200,1.0,0.0,0,0.0,0.0,0,0.0,0.0,0.9817246596448638,1.0,0.0,0.01827534035513624,0,200,0.07259026565424509,0.08090737455843072,0.09002233690538401,6.938893903907228e-16
0.3,160,320,near,joint,0.015399999999999995,0.0,0.96,200,200,1.0,0.0,200,1.0,0.0,0,0.0,0.0,0,0.0,0.0,0.9817246596448638,1.0,0.0,0.01827534035513624,0,200,0.09229214591339302,0.09740532931786972,0.1,9.992007221626409e-16
0.3,640,1280,positive,field_only,0.033,0.0,0.98,200,200,1.0,0.0,200,1.0,0.0,200,1.0,0.0,0,0.0,0.0,0.9817246596448638,1.0,0.0,0.01827534035513624,0,200,0.028869534076090136,0.030570413231430445,0.03176620600556515,3.3306690738754696e-16
0.3,640,1280,positive,calibration_only,0.033,0.0,0.98,200,200,1.0,0.0,200,1.0,0.0,200,1.0,0.0,0,0.0,0.0,0.9817246596448638,1.0,0.0,0.01827534035513624,0,200,0.041279683832740145,0.043635515179169686,0.04612932995188396,6.661338147750939e-16
0.3,640,1280,positive,joint,0.033,0.0,0.96,200,200,1.0,0.0,200,1.0,0.0,66,0.33,0.0332490601370926,0,0.0,0.0,0.9817246596448638,1.0,0.0,0.01827534035513624,0,200,0.05550509825797597,0.06090313319961238,0.06468614718414092,5.551115123125783e-16
0.3,640,1280,negative,field_only,-0.017,0.0,0.98,200,200,1.0,0.0,200,1.0,0.0,142,0.71,0.03208582241426889,0,0.0,0.0,0.9817246596448638,1.0,0.0,0.01827534035513624,0,200,0.028274703130129395,0.029911552500048434,0.031099663490180913,2.220446049250313e-16
0.3,640,1280,negative,calibration_only,-0.017,0.0,0.98,200,200,1.0,0.0,200,1.0,0.0,8,0.04,0.013856406460551017,0,0.0,0.0,0.9817246596448638,1.0,0.0,0.01827534035513624,0,200,0.038861836213060115,0.0415650570583011,0.04453889130683747,6.661338147750939e-16
0.3,640,1280,negative,joint,-0.017,0.0,0.96,200,200,1.0,0.0,200,1.0,0.0,0,0.0,0.0,0,0.0,0.0,0.9817246596448638,1.0,0.0,0.01827534035513624,0,200,0.05109604548596338,0.05654635072604543,0.06169384238426617,4.440892098500626e-16
0.3,640,1280,near,field_only,0.015399999999999995,0.0,0.98,200,200,1.0,0.0,200,1.0,0.0,82,0.41,0.0347778665245584,0,0.0,0.0,0.9817246596448638,1.0,0.0,0.01827534035513624,0,200,0.031081635100848326,0.03186357269821943,0.03198489699760302,3.3306690738754696e-16
0.3,640,1280,near,calibration_only,0.015399999999999995,0.0,0.98,200,200,1.0,0.0,200,1.0,0.0,0,0.0,0.0,0,0.0,0.0,0.9817246596448638,1.0,0.0,0.01827534035513624,0,200,0.04426630771688481,0.04817259771485513,0.0527343652592094,6.661338147750939e-16
0.3,640,1280,near,joint,0.015399999999999995,0.0,0.96,200,200,1.0,0.0,200,1.0,0.0,0,0.0,0.0,0,0.0,0.0,0.9817246596448638,1.0,0.0,0.01827534035513624,0,200,0.06635281774357267,0.07106532129545808,0.07588969081713165,5.551115123125783e-16
0.3,2560,5120,positive,field_only,0.033,0.0,0.98,200,200,1.0,0.0,200,1.0,0.0,200,1.0,0.0,0,0.0,0.0,0.9817246596448638,1.0,0.0,0.01827534035513624,0,200,0.015791020751899233,0.01585978384127385,0.015931994829774872,3.3306690738754696e-16
0.3,2560,5120,positive,calibration_only,0.033,0.0,0.98,200,200,1.0,0.0,200,1.0,0.0,200,1.0,0.0,0,0.0,0.0,0.9817246596448638,1.0,0.0,0.01827534035513624,0,200,0.023183714034617192,0.024346702184752666,0.02534448894413586,5.551115123125783e-16
0.3,2560,5120,positive,joint,0.033,0.0,0.96,200,200,1.0,0.0,200,1.0,0.0,200,1.0,0.0,0,0.0,0.0,0.9817246596448638,1.0,0.0,0.01827534035513624,0,200,0.03617734476211056,0.03776105218799598,0.03901153762683423,3.3306690738754696e-16
0.3,2560,5120,negative,field_only,-0.017,0.0,0.98,200,200,1.0,0.0,200,1.0,0.0,200,1.0,0.0,0,0.0,0.0,0.9817246596448638,1.0,0.0,0.01827534035513624,0,200,0.01542902571110136,0.015504221239681548,0.015591298369245827,2.220446049250313e-16
0.3,2560,5120,negative,calibration_only,-0.017,0.0,0.98,200,200,1.0,0.0,200,1.0,0.0,199,0.995,0.004987484335815003,0,0.0,0.0,0.9817246596448638,1.0,0.0,0.01827534035513624,0,200,0.02266950538759291,0.023793529295928907,0.025042381501210024,4.440892098500626e-16
0.3,2560,5120,negative,joint,-0.017,0.0,0.96,200,200,1.0,0.0,200,1.0,0.0,28,0.14,0.024535688292770596,0,0.0,0.0,0.9817246596448638,1.0,0.0,0.01827534035513624,0,200,0.0352955499322353,0.036882615605697194,0.039116562714157546,4.440892098500626e-16
0.3,2560,5120,near,field_only,0.015399999999999995,0.0,0.98,200,200,1.0,0.0,200,1.0,0.0,200,1.0,0.0,0,0.0,0.0,0.9817246596448638,1.0,0.0,0.01827534035513624,0,200,0.01596488616690412,0.016020499531906596,0.016056230550952823,2.220446049250313e-16
0.3,2560,5120,near,calibration_only,0.015399999999999995,0.0,0.98,200,200,1.0,0.0,200,1.0,0.0,199,0.995,0.004987484335815003,0,0.0,0.0,0.9817246596448638,1.0,0.0,0.01827534035513624,0,200,0.023023312335949713,0.024135610092763788,0.02541147242134335,4.440892098500626e-16
0.3,2560,5120,near,joint,0.015399999999999995,0.0,0.96,200,200,1.0,0.0,200,1.0,0.0,2,0.01,0.007035623639735145,0,0.0,0.0,0.9817246596448638,1.0,0.0,0.01827534035513624,0,200,0.03800017445832689,0.039865495885632075,0.042042950254833934,4.440892098500626e-16
1,40,80,positive,field_only,0.033,0.0,0.98,200,200,1.0,0.0,199,0.995,0.004987484335815003,198,0.99,0.007035623639735147,0,0.0,0.0,0.9724581015427943,0.999873418972133,0.0,0.01827534035513624,0,200,0.02971909712550962,0.03234010139177043,0.03417499936056407,2.220446049250313e-16
1,40,80,positive,calibration_only,0.033,0.0,0.98,200,200,1.0,0.0,200,1.0,0.0,200,1.0,0.0,0,0.0,0.0,0.9817246596448638,1.0,0.0,0.01827534035513624,0,200,0.019811617115137327,0.019811617115137327,0.019811617115137327,3.3306690738754696e-16
1,40,80,positive,joint,0.033,0.0,0.96,200,200,1.0,0.0,200,1.0,0.0,162,0.81,0.02773986301336039,0,0.0,0.0,0.9817246596448638,1.0,0.0,0.01827534035513624,0,200,0.04688037169939738,0.052564303712455906,0.057128954608452,2.220446049250313e-16
1,40,80,negative,field_only,-0.017,0.0,0.98,200,200,1.0,0.0,200,1.0,0.0,80,0.4,0.034641016151377546,0,0.0,0.0,0.9817246596448638,1.0,0.0,0.01827534035513624,0,200,0.028316988277935825,0.03085960098686344,0.03282821058828698,2.220446049250313e-16
1,40,80,negative,calibration_only,-0.017,0.0,0.98,200,200,1.0,0.0,200,1.0,0.0,200,1.0,0.0,0,0.0,0.0,0.9817246596448638,1.0,0.0,0.01827534035513624,0,200,0.01936827385059111,0.01936827385059111,0.01936827385059111,9.71445146547012e-17
1,40,80,negative,joint,-0.017,0.0,0.96,200,200,1.0,0.0,200,1.0,0.0,8,0.04,0.013856406460551017,0,0.0,0.0,0.9817246596448638,1.0,0.0,0.01827534035513624,0,200,0.042523512337404444,0.04845124431334517,0.054082215448246734,7.771561172376096e-16
1,40,80,near,field_only,0.015399999999999995,0.0,0.98,200,200,1.0,0.0,200,1.0,0.0,43,0.215,0.029049526674285075,0,0.0,0.0,0.9817246596448638,1.0,0.0,0.01827534035513624,0,200,0.035731365673661114,0.03642677831921974,0.03675430001777954,2.220446049250313e-16
1,40,80,near,calibration_only,0.015399999999999995,0.0,0.98,200,200,1.0,0.0,200,1.0,0.0,200,1.0,0.0,0,0.0,0.0,0.9817246596448638,1.0,0.0,0.01827534035513624,0,200,0.02025496037968352,0.02025496037968352,0.02025496037968352,2.498001805406602e-16
1,40,80,near,joint,0.015399999999999995,0.0,0.96,200,200,1.0,0.0,200,1.0,0.0,0,0.0,0.0,0,0.0,0.0,0.9817246596448638,1.0,0.0,0.01827534035513624,0,200,0.060611783030942626,0.06330599046233272,0.06437096412569282,3.3306690738754696e-16
1,160,320,positive,field_only,0.033,0.0,0.98,200,200,1.0,0.0,200,1.0,0.0,200,1.0,0.0,0,0.0,0.0,0.9817246596448638,1.0,0.0,0.01827534035513624,0,200,0.0160512961321769,0.016682272857703614,0.01725799002724382,2.220446049250313e-16
1,160,320,positive,calibration_only,0.033,0.0,0.98,200,200,1.0,0.0,200,1.0,0.0,200,1.0,0.0,0,0.0,0.0,0.9817246596448638,1.0,0.0,0.01827534035513624,0,200,0.0047190635521709295,0.0047190635521709295,0.0047190635521709295,1.1102230246251565e-16
1,160,320,positive,joint,0.033,0.0,0.96,200,200,1.0,0.0,200,1.0,0.0,200,1.0,0.0,0,0.0,0.0,0.9817246596448638,1.0,0.0,0.01827534035513624,0,200,0.021527830549772406,0.022188583467976142,0.022791469096627718,1.6653345369377348e-15
1,160,320,negative,field_only,-0.017,0.0,0.98,200,200,1.0,0.0,200,1.0,0.0,200,1.0,0.0,0,0.0,0.0,0.9817246596448638,1.0,0.0,0.01827534035513624,0,200,0.015400817307365101,0.016016250290747023,0.016556108859256593,2.220446049250313e-16
1,160,320,negative,calibration_only,-0.017,0.0,0.98,200,200,1.0,0.0,200,1.0,0.0,200,1.0,0.0,0,0.0,0.0,0.9817246596448638,1.0,0.0,0.01827534035513624,0,200,0.0047190635521709295,0.0047190635521709295,0.0047190635521709295,1.1102230246251565e-16
1,160,320,negative,joint,-0.017,0.0,0.96,200,200,1.0,0.0,200,1.0,0.0,199,0.995,0.004987484335815003,0,0.0,0.0,0.9817246596448638,1.0,0.0,0.01827534035513624,0,200,0.020846655215824357,0.021491130872813076,0.022056465710262454,1.7763568394002505e-15
1,160,320,near,field_only,0.015399999999999995,0.0,0.98,200,200,1.0,0.0,200,1.0,0.0,200,1.0,0.0,0,0.0,0.0,0.9817246596448638,1.0,0.0,0.01827534035513624,0,200,0.018674853199434353,0.01895674270629828,0.01905216584414763,2.220446049250313e-16
1,160,320,near,calibration_only,0.015399999999999995,0.0,0.98,200,200,1.0,0.0,200,1.0,0.0,200,1.0,0.0,0,0.0,0.0,0.9817246596448638,1.0,0.0,0.01827534035513624,0,200,0.00471906355217094,0.00471906355217094,0.00471906355217094,2.220446049250313e-16
1,160,320,near,joint,0.015399999999999995,0.0,0.96,200,200,1.0,0.0,200,1.0,0.0,183,0.915,0.019719913792915014,0,0.0,0.0,0.9817246596448638,1.0,0.0,0.01827534035513624,0,200,0.02427519494236123,0.024570386994200957,0.024670313210568888,8.881784197001252e-16
1,640,1280,positive,field_only,0.033,0.0,0.98,200,200,1.0,0.0,200,1.0,0.0,200,1.0,0.0,0,0.0,0.0,0.9817246596448638,1.0,0.0,0.01827534035513624,0,200,0.008165573087264512,0.008329744784406207,0.008492036418755892,2.220446049250313e-16
1,640,1280,positive,calibration_only,0.033,0.0,0.98,200,200,1.0,0.0,200,1.0,0.0,200,1.0,0.0,0,0.0,0.0,0.9817246596448638,1.0,0.0,0.01827534035513624,0,200,0.0011594448840437088,0.0011594448840437088,0.0011594448840437088,2.220446049250313e-16
1,640,1280,positive,joint,0.033,0.0,0.96,200,200,1.0,0.0,200,1.0,0.0,200,1.0,0.0,0,0.0,0.0,0.9817246596448638,1.0,0.0,0.01827534035513624,0,200,0.009419693290721365,0.009585768468206617,0.009749941784607998,7.771561172376096e-15
1,640,1280,negative,field_only,-0.017,0.0,0.98,200,200,1.0,0.0,200,1.0,0.0,200,1.0,0.0,0,0.0,0.0,0.9817246596448638,1.0,0.0,0.01827534035513624,0,200,0.007765634427495116,0.007955642536220149,0.008145466607040222,2.220446049250313e-16
1,640,1280,negative,calibration_only,-0.017,0.0,0.98,200,200,1.0,0.0,200,1.0,0.0,200,1.0,0.0,0,0.0,0.0,0.9817246596448638,1.0,0.0,0.01827534035513624,0,200,0.0011594448840437262,0.0011594448840437262,0.0011594448840437262,4.440892098500626e-16
1,640,1280,negative,joint,-0.017,0.0,0.96,200,200,1.0,0.0,200,1.0,0.0,200,1.0,0.0,0,0.0,0.0,0.9817246596448638,1.0,0.0,0.01827534035513624,0,200,0.009015117562622021,0.009207328710642934,0.009399353686940684,7.771561172376096e-15
1,640,1280,near,field_only,0.015399999999999995,0.0,0.98,200,200,1.0,0.0,200,1.0,0.0,200,1.0,0.0,0,0.0,0.0,0.9817246596448638,1.0,0.0,0.01827534035513624,0,200,0.00938318786906516,0.009475560935539529,0.009565174171655073,2.220446049250313e-16
1,640,1280,near,calibration_only,0.015399999999999995,0.0,0.98,200,200,1.0,0.0,200,1.0,0.0,200,1.0,0.0,0,0.0,0.0,0.9817246596448638,1.0,0.0,0.01827534035513624,0,200,0.0011594448840437609,0.0011594448840437609,0.0011594448840437609,2.220446049250313e-15
1,640,1280,near,joint,0.015399999999999995,0.0,0.96,200,200,1.0,0.0,200,1.0,0.0,200,1.0,0.0,0,0.0,0.0,0.9817246596448638,1.0,0.0,0.01827534035513624,0,200,0.01065142564481695,0.01074486972608479,0.010835521978281906,5.440092820663267e-15
1,2560,5120,positive,field_only,0.033,0.0,0.98,200,200,1.0,0.0,200,1.0,0.0,200,1.0,0.0,0,0.0,0.0,0.9817246596448638,1.0,0.0,0.01827534035513624,0,200,0.0040995442702956904,0.0041450644238106415,0.004181775198091958,2.220446049250313e-16
1,2560,5120,positive,calibration_only,0.033,0.0,0.98,200,200,1.0,0.0,200,1.0,0.0,200,1.0,0.0,0,0.0,0.0,0.9817246596448638,1.0,0.0,0.01827534035513624,0,200,0.0002886093846401136,0.0002886093846401136,0.0002886093846401136,1.249000902703301e-16
1,2560,5120,positive,joint,0.033,0.0,0.96,200,200,1.0,0.0,200,1.0,0.0,200,1.0,0.0,0,0.0,0.0,0.9817246596448638,1.0,0.0,0.01827534035513624,0,200,0.004399985324427343,0.004445636853377245,0.004482453578398314,2.220446049250313e-16
1,2560,5120,negative,field_only,-0.017,0.0,0.98,200,200,1.0,0.0,200,1.0,0.0,200,1.0,0.0,0,0.0,0.0,0.9817246596448638,1.0,0.0,0.01827534035513624,0,200,0.003914928550490571,0.003957273768279586,0.0040021152687464865,2.220446049250313e-16
1,2560,5120,negative,calibration_only,-0.017,0.0,0.98,200,200,1.0,0.0,200,1.0,0.0,200,1.0,0.0,0,0.0,0.0,0.9817246596448638,1.0,0.0,0.01827534035513624,0,200,0.00028860938464012054,0.00028860938464012054,0.00028860938464012054,1.249000902703301e-16
1,2560,5120,negative,joint,-0.017,0.0,0.96,200,200,1.0,0.0,200,1.0,0.0,200,1.0,0.0,0,0.0,0.0,0.9817246596448638,1.0,0.0,0.01827534035513624,0,200,0.004214836786329361,0.004257304216390858,0.00430227513363632,2.220446049250313e-16
1,2560,5120,near,field_only,0.015399999999999995,0.0,0.98,200,200,1.0,0.0,200,1.0,0.0,200,1.0,0.0,0,0.0,0.0,0.9817246596448638,1.0,0.0,0.01827534035513624,0,200,0.004697275973333208,0.004718171395626253,0.004741245239434262,2.220446049250313e-16
1,2560,5120,near,calibration_only,0.015399999999999995,0.0,0.98,200,200,1.0,0.0,200,1.0,0.0,200,1.0,0.0,0,0.0,0.0,0.9817246596448638,1.0,0.0,0.01827534035513624,0,200,0.0002886093846401084,0.0002886093846401084,0.0002886093846401084,2.220446049250313e-16
1,2560,5120,near,joint,0.015399999999999995,0.0,0.96,200,200,1.0,0.0,200,1.0,0.0,200,1.0,0.0,0,0.0,0.0,0.9817246596448638,1.0,0.0,0.01827534035513624,0,200,0.00499944213725481,0.005020397865697546,0.005043538302784186,2.220446049250313e-16
